0,0,0,0,0,0,0,0,0,0,0,0,0,0,0,0,0,0,0,0,0,0,0,0,0,0,0,0,0,0,0,0,0,0,0,0,0,0,0,0,0,0,0,0,0,0,0,0
-2.07892284038861,0.0641132093391033,0.0176399173052835,0.00117471798998489,0.0417218355363145,-4.74222838326207e-05,0.00257765022711352,0.0908429219624652,-0.00012822630131436,-0.4910959564626,0.0112146862711415,0.024046013592816,-0.0642052371789918,-2.07922219517432,0.0949764995310909,-0.0417310992717466,0.0011756351768902,1.11932841069186e-05,-0.0908760776455257,0.00258768587577998,2.14655919449015e-05,-0.0112246542121215,-0.491138630329858,0.130361823622448,-1.40854054975872,0.521207003114011,-5.7082149056976,-0.00410793778263425,-0.0813011032172667,280.771781193651,-0.00556757890956469,-0.139922752643669,390.201671305645,-1.08794280430101,0.257575888585877,-6.01008342011351,0.00147363838284913,-0.0151794800915221,6.53723184302214,-0.000786026604248522,-2.54684007900829e-05,2.59250094168123e-06,-0.00201870884651195,8.03546683660953e-05,-1.35532201618561e-06,0.000300485662173817,-0.00229371263544324,9.61800930668893
-2.07852830506657,0.0969971640987778,-0.00639663345088653,0.0021913011794808,0.0416876141329907,-1.6903290212426e-05,0.00477411475927391,0.0907528358930117,-0.000102546539905889,-0.491156361600007,0.0132406652510387,-0.00956747099457864,-0.0970785593533938,-2.07876958455337,0.0667287611494702,-0.0416938533907047,0.00218956172671966,4.54422184673163e-06,-0.090779552346725,0.00477824963492452,1.15611508451441e-05,-0.0132486354716391,-0.491190490372253,0.0896087213483288,4.99959770677064,-0.707877085623835,-7.44339811790298,-0.0164896487153793,-0.172815117135117,280.752017532058,-0.042080601170162,-0.376378644735933,390.084631509638,0.156379541090689,0.00245297170113132,-8.16753672170172,0.00115555924119175,-0.0128772807446584,6.49273128687007,-0.000855145713894165,-1.45770233939268e-05,2.28493788208897e-06,-0.00207220076584892,0.000109921918834695,-2.20244862308794e-06,0.000127342543265609,-0.00213324394895425,9.37249110473606
-2.07696324294637,0.140411999475809,-0.028175940454366,0.00369732434631294,0.0415901266682031,-8.85232498405193e-07,0.00803805603137234,0.0905248440728917,-0.000101294496735754,-0.491228096632962,0.0147627548345304,-0.0387525214572741,-0.140519478123691,-2.07716373414474,0.0185971797385488,-0.0415904138910306,0.00369305638830242,8.66602325700354e-07,-0.0905397281881654,0.00803697703564215,3.92711268128959e-06,-0.0147701758864356,-0.491253099334593,0.0276962450671196,9.66505458646283,-1.4402297094925,-10.0207982342503,-0.0214175988966406,-0.224424928700531,280.732211250985,-0.0640644088253895,-0.538743570159421,389.96765613771,1.04994480342898,-0.138977032786483,-11.3505762908659,0.00159938284157603,-0.00969808886536967,6.43284201402344,-0.000902726897905088,-1.94778241517211e-05,1.82312576549147e-06,-0.00207175424388619,0.000105639329217559,-3.18929843696664e-06,0.00013862468227426,-0.00189582811373961,9.10525780974239
-2.07375367993081,0.192235298047524,-0.041569126311613,0.0055977984492431,0.0413887843620963,-2.1008741326215e-06,0.0121623132173603,0.0900702998107579,-0.000128746524969558,-0.491314054310338,0.0158233748220277,-0.0556814912470184,-0.192441074483869,-2.0739919835299,-0.0549296774482654,-0.0413798616308686,0.00559292334344025,1.70618837799712e-08,-0.0900681188278649,0.0121602601191358,-2.61329902074559e-06,-0.0158374652964758,-0.491333151640145,-0.0592372842877198,13.0218736876758,-1.61725171671711,-13.3624691420734,-0.0219282191855785,-0.262394803772292,280.712545738375,-0.0750700831279201,-0.669538604343701,389.850992207379,1.59142273307161,-0.141754509282441,-15.3480859047717,0.00259934888418081,-0.00523286991415156,6.35655543666827,-0.000918913310637598,-3.96322953636651e-05,1.13558921807521e-06,-0.00200017586807187,7.04539431915558e-05,-4.37752807629375e-06,0.000265865038571907,-0.0015332210212627,8.81701081168882
-2.06847375136054,0.250529913374044,-0.0436237862819475,0.00780056368688942,0.0410446782187064,-2.02213148749655e-05,0.016946033880136,0.0893039655045742,-0.000184748256826783,-0.491412687540753,0.0164816807123616,-0.0582979397156415,-0.250918148742991,-2.06896145537131,-0.154285508832615,-0.041024977049491,0.00779863684158339,-4.47049566384334e-07,-0.0892841550086428,0.0169499363150568,-1.26565126351468e-05,-0.0165118883601272,-0.491441524708959,-0.168708940095441,16.250692842503,-1.34562215828525,-17.5296200947799,-0.0218883943314702,-0.318739449433674,280.693211531726,-0.0822090113508145,-0.829465701165504,389.734932234613,1.96268254036245,-0.0280604609008528,-20.1468727755376,0.00381289237266089,0.000852759199232025,6.26320658520634,-0.000892309276415589,-7.28466025749439e-05,1.73400006052311e-07,-0.00183840455979155,1.06630378802422e-05,-5.7957765746068e-06,0.000419840118242889,-0.00100795365319733,8.50912092916665
-2.06078704261796,0.313578201000843,-0.0309837652434402,0.0102178855094987,0.040526152724579,-5.8411722532876e-05,0.0221979581823189,0.0881565210364584,-0.000273384152303966,-0.491519007103836,0.0168079139130804,-0.0446272003452006,-0.314196389146379,-2.06192766132349,-0.273761164344073,-0.0404986119832958,0.0102239334433128,-5.02947555607846e-06,-0.0881285620584279,0.0222167625527338,-3.37346420518914e-05,-0.0168586768891233,-0.491592246657516,-0.291824925219873,20.2370869298308,-0.747880841508366,-22.6580803660664,-0.0249887172516007,-0.413210649204204,280.674441101752,-0.0933345341993461,-1.05633981171342,389.619819049618,2.2934911494333,0.168185305945817,-25.8203634263275,0.00492497070483807,0.00869405572860962,6.15257279061159,-0.000813024912714742,-0.000118220938814274,-1.10317155266123e-06,-0.00157188947239681,-7.03840632576756e-05,-7.45301380613538e-06,0.000528624928222352,-0.000314962507588923,8.18366903856531
-2.0504629228453,0.379918692951998,-0.000868845525490122,0.0127692204651732,0.0398115360537581,-0.000125162449832594,0.0277423465053975,0.0865808522468783,-0.000404701628375069,-0.49162624965057,0.0168793026985315,-0.0132382316254056,-0.380699136417499,-2.05284283206779,-0.399658233815465,-0.0397864319984354,0.0127887368303466,-2.08770939122308e-05,-0.0865687255944157,0.0277847577014825,-7.6718061777209e-05,-0.0169396454057955,-0.491795864938841,-0.412663539325914,24.8433395825264,0.0533457560111123,-28.9638431288633,-0.0337572886456361,-0.536445883281671,280.656506364891,-0.114093483098227,-1.32952235638764,389.505932263762,2.499876445851,0.381542287474582,-32.5120630677713,0.00566831084825405,0.018125960464232,6.02489569858473,-0.000675623669942569,-0.000175440756580221,-2.72483969608364e-06,-0.00119637100460113,-0.000170702024371798,-9.33926349380013e-06,0.000541201552018226,0.00050676371013277,7.84336624520837
-2.03737692577143,0.448338946484979,0.0443565230053961,0.0153840613735449,0.0388896309669195,-0.000228961762656114,0.0334247933220593,0.0845533500349431,-0.000586441757391491,-0.49172812795115,0.0167738799923543,0.0320718529211463,-0.449037120621898,-2.04161842253875,-0.510112746558577,-0.0388854510123265,0.015420614028951,-5.68714117673749e-05,-0.0845951731954744,0.0334947431626427,-0.000153839235367048,-0.0168101255381313,-0.492047356500753,-0.509707865068692,28.5135826675937,0.869185403111712,-36.7858541312203,-0.0471919021932574,-0.631167079772525,280.639482483485,-0.142278308087671,-1.53664849281706,389.392990597094,2.23031810681718,0.465026486699599,-40.4655779103235,0.00583791971816496,0.028569949621158,5.88077056845705,-0.000482068789732908,-0.000243085432949177,-4.71360618108315e-06,-0.000723293990775688,-0.000286144641918992,-1.14338530390275e-05,0.000428151152936246,0.00136871387269447,7.49132680336762
-2.02150652114134,0.517785110859619,0.0928101801177545,0.0180029381353627,0.0377591313874148,-0.000363558975040177,0.0391139195203926,0.0820726317632257,-0.000803581475525078,-0.491822883500529,0.0165592369100942,0.0781793467116398,-0.518041618237384,-2.02798016542669,-0.579895989418831,-0.0377991468850555,0.0180555857226408,-0.000117387802148447,-0.0822115999478801,0.0392066665186087,-0.000269327467718962,-0.0165224611882354,-0.492319609090273,-0.561905643012067,28.8447719440014,1.51169193879918,-46.4766259840503,-0.0551799038221671,-0.588031652483758,280.622849043372,-0.156700089169222,-1.47745522450305,389.279559389939,1.06703883613885,0.220168558864767,-49.8768570613284,0.00538915618552799,0.0389476838178747,5.72090214102136,-0.000244228995480668,-0.00031808903042887,-7.10074491289929e-06,-0.000183973918297577,-0.000409449083231639,-1.37374173584099e-05,0.000194852881356499,0.00214266245174947,7.13073924653358
-2.00298409687415,0.587273797286499,0.125505197613035,0.0205765169647227,0.0364290802483281,-0.000487945757369682,0.0446996488235892,0.0791601019693096,-0.000992736029718727,-0.491932999331676,0.0162831765856056,0.106126544793898,-0.586839411177207,-2.01155478948645,-0.590779384200479,-0.0365339744563621,0.0206398162188795,-0.000189746872070807,-0.0794289917494145,0.0448036707208384,-0.000402178172986577,-0.0161330704639281,-0.49259377450509,-0.558114986027988,25.4660297731671,2.17250664954057,-58.1767738722929,-0.0364996084428826,-0.301915130153266,280.606199918537,-0.116329308752212,-0.991537239395313,389.164568008801,-0.776493939514186,-0.323632112847546,-60.6407980248809,0.00459144485982585,0.0477540309847771,5.5458562452479,1.54830379667473e-05,-0.000397083578279022,-9.94430355011295e-06,0.000370346826644883,-0.000533211510194141,-1.62899658251772e-05,-0.000101464524094366,0.00269938822105588,6.76459243827162
-1.98256536379919,0.656143211600589,0.129952036208424,0.0230714142923611,0.0349272351830629,-0.000525154694924869,0.0501063870538654,0.075876322503881,-0.00104488847021036,-0.492214713888008,0.0159832960081333,0.105780658510504,-0.655034812109685,-1.9926415804001,-0.541536514714263,-0.0351090148778581,0.0231384787703804,-0.000236694325427396,-0.0762868713756692,0.0502102363021063,-0.000497563662299723,-0.0157036095732601,-0.492998498434662,-0.502970960256267,24.9100654836968,3.82313805002455,-72.0279038988561,0.0189723358226375,0.185201012266078,280.592042554654,-0.011398131495293,-0.240642813540461,389.05223848585,-1.46788211663353,-0.392851277551537,-72.6053172876866,0.0040397825591072,0.053457700871808,5.35605386576981,0.000267417622086301,-0.000478001411435297,-1.33064374700155e-05,0.000876598652975818,-0.000653223245876685,-1.91269891972581e-05,-0.000361776824521313,0.00296936993448533,6.39566376404071
-1.96066511221032,0.724054841884314,0.113573761905748,0.0254693132416369,0.0332850807114709,-0.00042526591408876,0.0552866930000067,0.0722822512092367,-0.000894725838724044,-0.492633658564728,0.0156937218991706,0.0883229318108263,-0.722335414517814,-1.97156737516441,-0.446701398292119,-0.0335481113910234,0.0255330816145706,-0.00022357884643863,-0.0728296595244744,0.0553802944917614,-0.000506394259767122,-0.015272748734815,-0.493501072574941,-0.411586264241306,38.9771957620828,7.40028010178345,-88.5275694584162,0.0678170136968973,0.618441370763976,280.583037614049,0.0517425667529872,0.22160043865719,388.947903903695,1.78882812849591,1.39488060450289,-85.8918131850842,0.00425924675998926,0.055239024181523,5.15210326825839,0.000483100105193257,-0.000558422929251219,-1.7249028115038e-05,0.00127803605578225,-0.000764904490165831,-2.22898052047869e-05,-0.000508228784591798,0.00297802152939932,6.02677488207585
-1.93625161088277,0.790462823365053,0.0856234544706185,0.0277301159658308,0.0314868864022857,-0.000297172920960291,0.0601537409942518,0.0683502197069877,-0.000696142828451029,-0.492845224168191,0.0154419581811223,0.0638710807345192,-0.788007146064856,-1.94760287256193,-0.330152053495272,-0.0318342209101642,0.0277820602496655,-0.000196298900551175,-0.0690276706680192,0.0602252627557557,-0.000490902783900059,-0.014848143473414,-0.493773408226666,-0.305286943421874,50.3690663812482,9.82347372654263,-108.824495896966,0.126414744225163,1.19653821280153,280.571931386477,0.109663869053583,0.91224561295012,388.837998143195,5.29103160408861,3.42196400109375,-101.227011476362,0.00506352968747378,0.0535142084871251,4.93515659905074,0.000643873537935595,-0.000630161620624733,-2.18837829160275e-05,0.0015417785436761,-0.000852176906006606,-2.59458799788933e-05,-0.000551956781159904,0.0027868586944421,5.66100124580654
-1.90990532270561,0.855480293053495,0.0514025913754083,0.0298514654293645,0.0295587980343517,-0.000196137535980874,0.0647012517285031,0.0641413304992613,-0.000528558907279327,-0.493036749088339,0.0152589755241357,0.0363287082692783,-0.851947815145977,-1.92174562244138,-0.215789106092452,-0.0299994341717715,0.0298813138490414,-0.00018078470562336,-0.0649546543589715,0.0647365342535746,-0.000486038465663313,-0.0144394238962084,-0.494016020653207,-0.204428366322799,51.9257388697271,10.2489049873357,-133.004309939964,0.211874601069731,1.91499979240474,280.559176475996,0.213414956289397,1.92014065715815,388.721345485257,7.26632223915467,4.75582845024928,-118.426195232439,0.00599103858620214,0.0493010101987877,4.7070412802413,0.000744900908070226,-0.000685097398611359,-2.73628659632415e-05,0.00166576557089139,-0.000900108061920042,-3.03270319080575e-05,-0.000539504873627912,0.00247036969863594,5.30169901351748
-1.88184067057926,0.919198881183605,0.0151762177945264,0.0318321685610674,0.0275149727891855,-0.000137811713766482,0.068924425361196,0.0596900395958572,-0.000416126624530435,-0.493249266804082,0.0151595854953335,0.00820115531068029,-0.914075574348439,-1.8944807816666,-0.119144077185419,-0.0280669080048224,0.0318270916627708,-0.000186036572898058,-0.0606620738393462,0.0689056348648448,-0.000503678521090495,-0.0140467159394895,-0.494269108556805,-0.121094072149967,43.3860299056924,8.9464946185258,-161.054148374321,0.323205062725008,2.67760747405707,280.549916275729,0.379776185337102,3.10994290992313,388.604459950059,7.34971330941968,5.06560342842768,-137.250437034734,0.00668745765881121,0.0436942554566553,4.46998005406032,0.00079091324587453,-0.000719738096750101,-3.37803153040912e-05,0.00166815106309505,-0.000904201444513898,-3.55478079058475e-05,-0.000500460168820452,0.0020956340577822,4.95218327634183
-1.85217543868542,0.981719189297035,-0.0194681760998564,0.0336742215755151,0.0253655059320405,-0.000115310648094276,0.0728247538253213,0.0550222128672115,-0.000351556181861839,-0.493497490012244,0.0151486689681336,-0.0182813320234704,-0.974372661662178,-1.86598707219739,-0.0463146180410176,-0.0260546343251905,0.0336173967409822,-0.000209861857610079,-0.0561886808086254,0.0727282983310632,-0.000540662757190738,-0.0136669926424567,-0.494533803365372,-0.0589471627597773,27.9557265078222,6.54351995851318,-192.9452804791,0.443811454682115,3.37692344794293,280.549375040906,0.588427574688658,4.28464690571373,388.494207114829,5.95276817455496,4.43012484179549,-157.326766332184,0.00699722283027636,0.037581419829565,4.22628833639607,0.000791580449604091,-0.000734942242047719,-4.11676086825883e-05,0.00157648792889249,-0.000869219075367789,-4.16011378492677e-05,-0.00044451226907399,0.00171359872957193,4.6154380233003
-1.82099376473181,1.04312196381777,-0.0503193053634905,0.0353812605877207,0.0231184804823669,-0.000113084545354473,0.0764068875524,0.050159527980991,-0.000315355365938416,-0.493790369540671,0.0152222711559121,-0.0416118177956281,-1.03285593289949,-1.83624455956819,0.00373633389528922,-0.0239751986432018,0.0352505570355201,-0.000244560095906609,-0.0515611693180028,0.0762020859407966,-0.000586601570109477,-0.0132961076949425,-0.494797167789892,-0.0159277806430226,9.72604440285843,3.63880211809964,-228.731398711339,0.552195890436281,3.93657956669311,280.561281949797,0.800228341274264,5.28099078041468,388.394907636784,3.75811118069768,3.13880935911908,-178.253597276013,0.00692402244772273,0.0315446195554578,3.97820697491981,0.000757705022647157,-0.000733838725555767,-4.94956111918938e-05,0.00141924126828799,-0.000804360150222065,-4.8384954565331e-05,-0.000371504726937224,0.00135513401204114,4.29398134785169
-1.78837492326377,1.103449217833,-0.0769603528807782,0.0369568591381893,0.0207810895544598,-0.000115769497503062,0.0796754236441556,0.0451216800920064,-0.000288077553794017,-0.494135488401198,0.0153682638332958,-0.0613854533236524,-1.0895565552347,-1.80513677198466,0.0358858454522463,-0.0218365342593229,0.0367241983611084,-0.000281258272310658,-0.0467967738135307,0.0793247029820871,-0.000629753498030578,-0.0129308599607479,-0.495041809679214,0.0125992254208729,-7.84531525679815,0.678762380394305,-268.614382575416,0.632101366405026,4.32351001463898,280.588335946642,0.978135497372541,6.00658314639344,388.308645919078,1.40079413233281,1.53574952784272,-199.737759836488,0.0065608300269425,0.0258867328335172,3.72785364668089,0.000698934330402579,-0.000719964183405478,-5.86862362189327e-05,0.00122093911572157,-0.000719154965086485,-5.57418785886092e-05,-0.000279373897452418,0.00103340174661147,3.98984761033866
-1.75440439626618,1.16269832131833,-0.100518405101168,0.0384033157886979,0.0183604957333107,-0.000112333664708779,0.0826329493975709,0.0399279000195332,-0.000256065620317082,-0.494539265389977,0.0155676627132674,-0.0781289134411876,-1.14451581261327,-1.77252072290342,0.056009530415957,-0.0196432991643387,0.0380348353642571,-0.00031259025271429,-0.0419068083302931,0.0820934117851318,-0.000660602004704925,-0.0125709138141692,-0.495250766045478,0.0314898557797142,-22.5404004620329,-2.04424592122203,-312.875701843063,0.677813707852755,4.54195935645008,280.633095639443,1.10028298043951,6.43839550960232,388.236432930858,-0.676588080645267,-0.0790502433501779,-221.58421303037,0.00603153030111697,0.0207124422470839,3.47722146719362,0.000622800514988319,-0.000696233140560977,-6.86317966867785e-05,0.00100035825287952,-0.000621303242165831,-6.34998932196307e-05,-0.000167321041364228,0.000749829787085426,3.70461404458459
-1.71917365389217,1.22082091231744,-0.12296042992481,0.0397209088134069,0.0158646164595923,-9.69504977219931e-05,0.0852791658657512,0.034598200130503,-0.00021269383555314,-0.49500568036937,0.0157963995117828,-0.0927751237326753,-1.19778988671682,-1.738263431884,0.0691317495093198,-0.0173981788850305,0.0391779167207182,-0.000333914700667362,-0.0368996646758055,0.0845051823295008,-0.000673428336425537,-0.012220256084491,-0.495410168985666,0.0445551204503942,-33.3922004580918,-4.36179792540052,-361.76421651062,0.694425745549092,4.62016580841935,280.698580520812,1.16328491328337,6.60309797090165,388.179077340727,-2.24833422245495,-1.49811241837636,-243.620548407616,0.00545307044469625,0.0160159560444455,3.2281792451293,0.00053466624514865,-0.000664632581721505,-7.92092797196078e-05,0.000770697284470403,-0.000516128611189343,-7.14969819284863e-05,-3.62508905659678e-05,0.000500483857027907,3.43943199481464
-1.68277475505075,1.27772276707045,-0.146278260933605,0.0409074320451796,0.0133028723990773,-6.8107080738142e-05,0.0876106457711849,0.0291544418925981,-0.000157195405156388,-0.495534626799585,0.0160272496820463,-0.106107229827066,-1.24945829359746,-1.70225864925097,0.0785448487757184,-0.0151028168452764,0.040148220547552,-0.000343343060580666,-0.0317827468014634,0.086557393601633,-0.000666275373699499,-0.0118881442136725,-0.49551116248747,0.0541863190816315,-40.3910599541112,-6.19138658507356,-415.429027544804,0.694957870883894,4.59663968046291,280.788535897262,1.17871114314276,6.5531903082005,388.137601395868,-3.26528659649235,-2.6142472614513,-265.653894662109,0.00491513034226699,0.0117508269610317,2.98246121813515,0.000438173764702582,-0.00062633995807241,-9.02852200090823e-05,0.000540787128218499,-0.000406939783322689,-7.95876645203294e-05,0.000111399750908818,0.000280789382292194,3.19505379721139
-1.64529264565841,1.33326564812212,-0.171772127230194,0.0419578565177895,0.010686822536547,-2.70790015525445e-05,0.0896209134150668,0.0236210815293322,-9.26319452996324e-05,-0.496120377583806,0.0162318882685126,-0.118365396179045,-1.29963399479674,-1.66443618063497,0.0856394659111113,-0.0127583699142596,0.0409405529342589,-0.000340948044434038,-0.0265634360262654,0.0882490081789575,-0.000639835431768646,-0.0115894650592908,-0.495551875362388,0.0615273554764351,-44.0834314550447,-7.497339949438,-473.900151875412,0.696179091347544,4.5091542539342,280.907499070967,1.16609069836379,6.34598244224134,388.113362464467,-3.78980579386859,-3.39940159784025,-287.472631172897,0.00447177588907176,0.0078745389351889,2.7416500388861,0.000335889840762478,-0.000582008414328359,-0.000101715283745148,0.00031663892985781,-0.000295718170771197,-8.76403967608395e-05,0.0002715062764365,8.79524390264e-05,2.97185854924861
-1.60679495266328,1.38727374545821,-0.19948468313238,0.0428640326295992,0.00803056014231822,2.34507142617723e-05,0.0913006928001154,0.0180253564608813,-2.40618230940229e-05,-0.496750377773806,0.0163832399950315,-0.12906436810527,-1.3484742763922,-1.62476993163488,0.0901756024683342,-0.0103657914439311,0.0415506997498814,-0.000327637994998698,-0.0212493502124968,0.0895821032602238,-0.000595956277359419,-0.0113443049274491,-0.495539624452836,0.0668977415909158,-45.1866450776222,-8.25724531615748,-537.080613874959,0.71435329649196,4.38720543462122,281.060751273229,1.14493715698971,6.02807427911306,388.108012035236,-3.93210700702165,-3.86861742425824,-308.866013144618,0.00413984305364944,0.00437042456873503,2.50715907481057,0.000229949167680905,-0.000532061797477437,-0.000113343296089742,0.000102897365700016,-0.000183786957132624,-9.55341987962999e-05,0.000437742251476592,-7.86154953132125e-05,2.76988080054081
-1.5673181291718,1.43954700111762,-0.227770879339959,0.0436143981597585,0.00535075337753569,8.01694421247658e-05,0.092638251226303,0.0123967130271689,4.2491080726394e-05,-0.497404575703118,0.0164583263693639,-0.137000389356506,-1.39619081285618,-1.58328612905717,0.0908167642709224,-0.00792595009106078,0.0419765510451233,-0.000304209885349878,-0.01584813091848,0.0905635571496817,-0.000536493856559338,-0.0111764963525763,-0.495493118535991,0.0702805025159594,-44.2849256794935,-8.43545573472048,-604.723503452436,0.761567795835034,4.24734401404102,281.254158379591,1.12740568715276,5.62525362920075,388.123336905947,-3.80267391680754,-4.04178453460896,-329.643339355735,0.0039000361026055,0.00125315011951859,2.28021773108769,0.000122591161767232,-0.000476921671291177,-0.00012500151989393,-9.6014223821593e-05,-7.23011169409947e-05,-0.000103157922870045,0.000601058929279947,-0.000218198616705262,2.58884394352744
-1.5268498305131,1.48988338706601,-0.253028142499397,0.0441936948247283,0.00266625221331706,0.000139159562891464,0.0936198177140991,0.0067653628163521,0.000100112041684805,-0.498055695132596,0.016441747501774,-0.140426821502002,-1.4430560855656,-1.54007118254975,0.0858450684920392,-0.00543968863882572,0.0422192860101904,-0.000271064327959627,-0.0103669611211961,0.0912066296915698,-0.000463181391904331,-0.0111109523768122,-0.495444234973097,0.0717757895899053,-41.6274051328521,-7.96139161370429,-676.386388004732,0.842856568197686,4.09025839298996,281.493866451012,1.11238754197088,5.13641944391846,388.160991638305,-3.48620384666138,-3.91287306566777,-349.651248480499,0.00369858437219367,-0.00143644639455332,2.06186163302465,1.6542512930831e-05,-0.000417134708331381,-0.000136512037746938,-0.000275134432616101,3.74961051367535e-05,-0.000110412544670333,0.000749578645259953,-0.000330369921064124,2.42819846256244
-1.48530987076529,1.53811332289408,-0.269707553099459,0.0445827596660054,-2.7816510242902e-06,0.000195305485672082,0.0942301733215636,0.00115991280245425,0.000140363883333653,-0.498671202611165,0.0163298108365659,-0.137400205183631,-1.48940215706787,-1.49527790584835,0.0740157726058319,-0.00290794644468711,0.0422844839856964,-0.000228990902278735,-0.00481203624543158,0.0915321456273205,-0.000379040298493214,-0.0111697113976989,-0.495438810805194,0.0719544460307652,-37.0238545775751,-6.70910871494693,-751.365985821215,0.954142444076123,3.89868476164569,281.785817358672,1.08141045272616,4.53015309758801,388.222141911551,-3.03618877174772,-3.43342576135992,-368.796522414272,0.00344964175822898,-0.00364350560381811,1.85292934710722,-8.47818556162407e-05,-0.000353392084722096,-0.000147689276024834,-0.000428614109702553,0.000144251558040803,-0.000117216905940749,0.000869281168864936,-0.000416781643663019,2.28716462468638
-1.44253614750767,1.58415173852528,-0.270806488565252,0.0447585895426435,-0.00263625094297656,0.000241488764341424,0.0944537602073066,-0.00439598679185866,0.000152561410906465,-0.499218196820083,0.0161350571332107,-0.126293816967641,-1.53560727782748,-1.44912730674698,0.055481842665657,-0.000332092222495114,0.042183008038967,-0.000181275311323222,0.000811773526772003,0.0915689600915107,-0.000291577441319476,-0.0113668929267276,-0.495535725445564,0.0720410013736852,-29.8244685102377,-4.47658071471077,-828.622204251455,1.08107389688748,3.63592037291735,282.135070516383,0.996643255345218,3.7435063194758,388.307077145048,-2.4849874787672,-2.51447851723823,-387.084311880957,0.00304089421842096,-0.0053164058218679,1.65406826451482,-0.000177291411329226,-0.000286447324009986,-0.000158345644591914,-0.000549800424473101,0.00024668384489422,-0.000123519329875908,0.000945761537470585,-0.000482695919630264,2.1647789707308
-1.39828725635026,1.62807430457423,-0.249040340495324,0.0446950750189303,-0.00521603494449366,0.000268207523092418,0.0942769951009822,-0.00988805413490624,0.000123830171398076,-0.499672764304358,0.0158903445881559,-0.106421598100446,-1.58206722322202,-1.40189916147758,0.0326424437885932,0.00228541939534903,0.0419314767687697,-0.000137098261920713,0.00650094073351013,0.0913533106838773,-0.000217545699430496,-0.011703402323032,-0.495803391006746,0.0738513750709594,-18.9728801211862,-0.969757341786747,-906.707676118618,1.19903529631918,3.24573160220448,282.544961102699,0.801484928684937,2.684133645831,388.41491601637,-1.86139210683198,-1.04887582595248,-404.680805018523,0.00234609559676042,-0.00642747695755985,1.46575291394203,-0.000256484277917821,-0.000216954752908557,-0.000168305410413911,-0.00063178435344293,0.000343904148221875,-0.000129320239653498,0.000967109372794861,-0.000537714268252489,2.05994331332083
-1.35227697431198,1.67021872910987,-0.198764993104232,0.0443649538887414,-0.00772844150465397,0.000264374587258165,0.0936926568707012,-0.0153168443018124,4.08859846299706e-05,-0.500034792346757,0.0156506410131711,-0.078625039032212,-1.62915347305807,-1.35389798758908,0.0106817650696183,0.00494011341750703,0.0415520839305702,-0.000115731678188104,0.0122531950277683,0.0909265139531091,-0.000188337642128953,-0.0121633081702291,-0.496312848111781,0.0794501288293991,-3.12958278470478,4.1968404774176,-983.72451290188,1.27487543701619,2.65545436426819,283.016187021479,0.424555762589034,1.23846245008,388.543601840831,-1.20616763605878,1.04741484951332,-422.003878429895,0.00124744863777273,-0.00699401442450575,1.28831744132001,-0.000317981493123037,-0.000145269512620784,-0.000177435320897065,-0.000668402668950327,0.000435776083246682,-0.000134712894488579,0.000927533649342722,-0.000595105507859297,1.97147339843478
-1.30425000374153,1.71129407286253,-0.118468909765246,0.043743400341559,-0.0101670755871953,0.000219937810350211,0.0927067963150404,-0.0207039175443558,-0.000105826991367239,-0.500346888029257,0.0154896244140062,-0.0455966767367501,-1.67716943362216,-1.30537521624577,-0.00249122383751329,0.0076246232561707,0.0410714504155387,-0.000150401063128898,0.0180681143184169,0.0903302718657826,-0.000254193525508601,-0.0127149652580481,-0.497127340174584,0.0906007865122967,19.1299023253143,11.471340572461,-1057.32693194764,1.2711589803631,1.78466043120521,283.545941355941,-0.211655696751665,-0.710572006181646,388.690384185094,-0.577010445206771,3.78232164054313,-439.835067711497,-0.000332799730049003,-0.00709413171671008,1.12199884890475,-0.000358284513137662,-7.12658175990657e-05,-0.000185701865658324,-0.000655571891173199,0.000523189551781976,-0.000139948202209373,0.000830780445614298,-0.000669338382924866,1.89814223899097
-1.25408617552035,1.75245171031213,-0.0133150342817746,0.042812982813602,-0.0125357132842501,0.000130537237177494,0.0913471823530096,-0.026097606030273,-0.000315731341455357,-0.500711815581858,0.015488144774637,-0.0117135438079466,-1.72632335199087,-1.2563909058364,0.00282169943426378,0.0103285079440511,0.0405181359744507,-0.000290042510788405,0.0239496429236219,0.0895987129985972,-0.000484615592297715,-0.0133200921101371,-0.498289614662087,0.108244817905681,49.0237840353219,21.2912035828357,-1124.76938172271,1.1538878569232,0.561920278743912,284.127089606657,-1.17584687227199,-3.25236010039794,388.852788741099,-0.0380773703492623,7.03435341988405,-459.437306458619,-0.00239826262106785,-0.00687075782860063,0.966979858090229,-0.000375600615498831,5.77184913427968e-06,-0.000193260850618703,-0.000592652579863101,0.000608142332592344,-0.000145522237946032,0.000691903143969182,-0.000772105060880385,1.83871191834869
-1.20188684599022,1.79524638491668,0.103118262552399,0.0415685348271972,-0.0148503768559197,3.63108881529285e-06,0.0896700555721485,-0.0315762760091745,-0.000570658856309758,-0.501298768420961,0.0157137102027271,0.0177096217405712,-1.7767298550704,-1.20661688765647,0.0361349676368895,0.0130393210415976,0.0399184437147764,-0.000596635847500356,0.0299115364864345,0.0887463257929583,-0.000961863136405236,-0.0139518423411155,-0.499809607706982,0.13238752426971,87.1580123680369,33.9416419895322,-1182.96111832889,0.904461996660463,-1.04847237753757,284.747058566993,-2.50504824599467,-6.40102767538661,389.029680982091,0.366376675986517,10.5138298568561,-482.665278664662,-0.00485540916434283,-0.00651912676244536,0.823415181930338,-0.000370463257101745,8.71696336341789e-05,-0.000200573030416912,-0.000483359735568158,0.00069362690804451,-0.000152271149946368,0.000535948906070993,-0.000908280242919985,1.79194980240751
-1.14798161004643,1.84142278049389,0.208927386536669,0.0400194745394595,-0.017139535440095,-0.000135654900770017,0.0877602471624386,-0.0372461916752342,-0.000829019877801517,-0.502329016488244,0.0161942407188764,0.0375638433073988,-1.82841839827046,-1.15511515078443,0.103838675133023,0.0157447293352801,0.0392901754659456,-0.00113557168445311,0.0359851144745552,0.0877511217347782,-0.00176447345648858,-0.014618422054859,-0.501654870166999,0.162753349736158,133.003279102838,49.3406537731959,-1228.42770951113,0.536347196717643,-3.01011391795824,285.385652713878,-4.17233295227103,-10.031917392598,389.221722269515,0.64582423685539,13.7599177293488,-512.056025421299,-0.00751975051998756,-0.0062597062987556,0.691430156603197,-0.00034581219365567,0.000174873802523667,-0.000208525739635925,-0.000335650609567418,0.000783531416711945,-0.00016144663797075,0.000393025377578574,-0.00107453507729736,1.75663197930126
-1.09284010512316,1.89251861320554,0.2767072456543,0.0381874863568818,-0.0194414261526823,-0.00024192204374203,0.0857206981575351,-0.0432309584958157,-0.00102555098469305,-0.504039022189106,0.0168923445478186,0.0440037419609915,-1.88127128024393,-1.1001477695099,0.205700158577425,0.0184340278349527,0.038633810099701,-0.00195720187485073,0.0422257168523005,0.0865323689647531,-0.00293913796461942,-0.0153850387835909,-0.503742165569479,0.200239240430645,184.284731278707,66.760810017191,-1256.99948249274,0.116209355500417,-5.17179130013435,286.010782692341,-6.04430676503164,-13.8075802863701,389.430910812356,0.88747301414554,16.1927876150191,-550.809901868832,-0.0101673323529941,-0.00630823697198297,0.57109905522897,-0.000306256889661401,0.000271646498671482,-0.000218544029051168,-0.000160127857921933,0.000883018332941333,-0.000174758771306456,0.000291081682010427,-0.00126384110385455,1.73154611281243
-1.0369954684033,1.94934557717644,0.27948548256948,0.0360999876810367,-0.0217976088797579,-0.000253774726830697,0.0836523237758116,-0.0496496027391026,-0.00108092722668507,-0.506629804047158,0.0176831902838351,0.0348301141762471,-1.93478007347865,-1.03905351642536,0.331619625851709,0.0210960343998259,0.0379199238756444,-0.0030696310650754,0.0487112411721744,0.0849217839810777,-0.00446219870723613,-0.0163896533425142,-0.50592209685451,0.248489135964513,236.388268532025,84.4860550764141,-1262.97989655925,-0.212672883445286,-7.22511560755559,286.571422995502,-7.83084500656379,-17.1043890523419,389.660376860823,1.25686592735447,17.2275742272676,-602.330579642996,-0.0126349715128909,-0.00686150093241157,0.462432590297797,-0.000256450862685119,0.00038169977629087,-0.000232716066138232,3.31761847266585e-05,0.00099991006027744,-0.000194427871919254,0.000249918080125394,-0.00147757410231372,1.71551156979997
-0.981196920108485,2.01140109177506,0.199248453041401,0.0337833815786368,-0.0242408173274693,-0.000108401609803764,0.0816319978135743,-0.0565786366739865,-0.00092466150887045,-0.510211258330168,0.0183278394966176,0.0089014609500644,-1.9875787074325,-0.968160705765,0.459841124607679,0.0237104758061447,0.0370710130886115,-0.00440595875941618,0.0555257048163319,0.0826273458136539,-0.00619634016460299,-0.017859854779739,-0.507947815968843,0.314059399730566,282.014597700066,99.3751508167991,-1237.50986696922,-0.210337498466556,-8.67175864978368,286.987730057002,-9.03616023115286,-18.9562927969512,389.91714317771,1.9814105005438,16.4351361912821,-668.754953890789,-0.0149465914572323,-0.00811256483967001,0.365408327149223,-0.000198836571677223,0.000511829802761891,-0.000254009293165439,0.000239218236038738,0.00114708825412911,-0.000223330056430888,0.000280953965664194,-0.00174227639495747,1.70743113148762
-0.926911287593039,2.07610847828114,0.0364051768442745,0.0312617443922936,-0.0267716520857048,0.000231216738124578,0.0796993925347049,-0.0639881754430007,-0.000532871309078295,-0.514727504774884,0.0184252426862873,-0.0350016511485248,-2.03694247715443,-0.882691753073911,0.558058876246677,0.0262327044773901,0.0359375657216338,-0.00579326445037493,0.0627255562084082,0.0791945534984563,-0.0078531314172813,-0.0201482919515957,-0.509439822095115,0.403225291104798,311.528102102964,106.317234055695,-1165.72476298268,0.465577440291161,-8.81161214373031,287.138254460944,-8.93251787888848,-18.0381285336281,390.219702093642,3.35628453326187,13.7184982583385,-748.40462036532,-0.0174047693273879,-0.0102860421024619,0.280041293968056,-0.000131479320388161,0.000672492118899437,-0.000286575319793038,0.00046228100557691,0.00134444571002319,-0.00026516032614486,0.000395334023549177,-0.00212064053861064,1.70637546707177
-0.87683315223136,2.13766819135481,-0.182564538975811,0.0285642364907537,-0.0293153155624408,0.000736004620473949,0.0778578184113478,-0.0716394677042111,1.99645527477021e-05,-0.519833281962931,0.0173473033201887,-0.0985948732500445,-2.0787866440988,-0.776853723026068,0.588762857122529,0.0285771068376575,0.0342774197334113,-0.006936111085128,0.0702981033318073,0.0739902712942,-0.00897838400938047,-0.0237845285420461,-0.509920494478818,0.514423091894334,314.577265697175,97.5849984236572,-1021.98203123982,2.23452116286602,-6.76233288846652,286.844183161215,-6.59424690212655,-12.7106288335562,390.608276225418,5.85096527358947,9.43658614740045,-834.070363511653,-0.0205479855529964,-0.0136465644820801,0.206412972167349,-4.73252015038253e-05,0.000877202352486206,-0.000335720495186999,0.000717560886591029,0.00161670872507815,-0.000323952912294686,0.00061695402005441,-0.00269908556367764,1.71167358997593
-0.834807814394641,2.1868121344915,-0.402873040538992,0.0257527654497745,-0.0316743574286272,0.00125985195103746,0.0761193117378648,-0.0789933540141292,0.0004987645407693,-0.525001486133377,0.0142417629922807,-0.182100019943232,-2.10987755181012,-0.645176329700491,0.519839845110004,0.0306279646374591,0.0317839028971205,-0.0074364345845396,0.0781776601487537,0.0663058448834506,-0.00898688304791324,-0.0294838308166746,-0.509307341372955,0.628456788502887,283.665416151439,62.630893647606,-762.856219031829,5.51592308144536,-1.5305246834742,285.859193381531,-1.04684404303375,-1.16894457835105,391.158678412545,10.3524333907317,4.4442912961292,-916.034478452654,-0.024873194783018,-0.0184082402626237,0.144509970170206,6.32178304959123e-05,0.00113779436837907,-0.000406433503223192,0.00102576106124534,0.00198225435830035,-0.000401574636022731,0.000988464072278688,-0.00353549232516244,1.7229132664145
-0.80630340340487,2.21926376761145,-0.550200387801641,0.0230399095155003,-0.0336375934891957,0.00148793080095491,0.0748069088902545,-0.0855049470456371,0.000440214056465664,-0.531322329804861,0.0082353262153149,-0.2781353324758,-2.13825841492796,-0.486910162980292,0.341151275491547,0.0324177863443175,0.0282933871692109,-0.00689282352281659,0.0866582671028063,0.0558100397996723,-0.00728977101412001,-0.0381034627288852,-0.51013091175049,0.704986463187115,219.80401385911,-7.43353722023771,-322.366542013123,10.5947148810681,7.76131685616656,283.908553342133,8.46091751448277,18.0862907082446,392.030297966709,17.8565427826635,0.272168769644239,-991.110687897078,-0.0303538659427297,-0.0245288438743376,0.0938180206096032,0.000205369423617754,0.00145489979696814,-0.000499518056231343,0.00139773126404606,0.00243332061120508,-0.000492548448763321,0.00155587836342501,-0.0045783725269215,1.73966074609442
-0.795688167053441,2.24070958371705,-0.554408201318267,0.0208543022568843,-0.0352062384686486,0.000924194538650602,0.0746916608906428,-0.0910877550852969,-0.000875380044133771,-0.540802681517332,-0.0015672951202144,-0.362040698575068,-2.18643953563337,-0.305928703304258,0.08069993002784,0.0343837918820022,0.023929245018139,-0.00507259299810261,0.0969229531273873,0.0427420807582509,-0.00350344641720628,-0.0506148480847172,-0.516775743000816,0.691074908923212,141.755293748625,-106.814158903519,377.646439309074,17.3535626381058,21.317879862737,280.860171716437,21.9016800424475,45.1286496170115,393.601608945731,28.0070438222644,0.15670222229199,-1070.37247474213,-0.0361470266806958,-0.0315781838247854,0.0529902440916087,0.000373244104362673,0.00181103726165744,-0.000607394529032983,0.00181821093787661,0.00292517085084555,-0.000579801612843791,0.00233576705791962,-0.00563663450621049,1.76083509483654
-0.795103262950743,2.24756215295744,-0.376425872699456,0.0193408092755041,-0.0361460278286295,-0.00101678097957902,0.0757032862426728,-0.0951021757987926,-0.00429223159543272,-0.550805800651396,-0.0155466482694563,-0.384174424145823,-2.267899419508,-0.107801402668985,-0.200352801219235,0.0368711522253694,0.0187360298160434,-0.00203487333591827,0.109843662565156,0.0272077735856833,0.00235733370437788,-0.0668915621432723,-0.530479176182741,0.539192024010368,85.6786019169757,-201.066306832685,1395.71030977673,25.0011430437311,37.9442592974722,277.006173989862,37.9501964744459,77.2117319917887,396.615112251614,36.2624970730675,9.36692602035816,-1166.06522334672,-0.0402926773082785,-0.038403153602445,0.0198955345065017,0.000539084869697596,0.00215660332582796,-0.000712221297682717,0.00221735075520247,0.00335351616897656,-0.000636981048251047,0.00319150907811022,-0.00625691983383068,1.78377871005206
-0.790921683861079,2.24045462568208,-0.0361103858147463,0.0184901857103724,-0.0363192294322623,-0.0047678989144891,0.0773370797895847,-0.097152051085167,-0.0104822628965233,-0.558873477450272,-0.0327869229080135,-0.296916396337475,-2.39268644790163,0.0976920484555549,-0.423527701858675,0.0402784950540886,0.0129055270103314,0.00170123191392462,0.12635864509884,0.00961776877543081,0.00963269456180402,-0.0855386742989461,-0.553116050610882,0.262708063226602,71.9314254921738,-236.104430033119,2736.69031865504,32.3227042343499,55.0902523157636,273.150927128113,54.7155575198854,108.950753866321,402.06015549466,33.3662629985893,29.8030627732084,-1236.14216219618,-0.0403971453659045,-0.0432677643822862,-0.00719337397438277,0.000660072857474351,0.00242591587535596,-0.00079845301404096,0.00248480936050159,0.00359537436699673,-0.000651217330852785,0.00376678462504835,-0.00591493681207854,1.80480096593191
-0.770106839926081,2.22729578111419,0.389320695510564,0.0181496721714523,-0.0358295676007522,-0.0103921578426318,0.078729568657777,-0.0973424941078007,-0.0196755116626571,-0.564269121037296,-0.0508215305289502,-0.109563457854719,-2.56972468835077,0.299404647838048,-0.532835932853716,0.0450802565588428,0.00666222273189461,0.00527198213416758,0.147546050222616,-0.00965824952251976,0.0171384030861791,-0.104168335705764,-0.58746896246984,-0.0430147928584809,69.2147048221311,-156.322496577927,4332.20948799198,38.3903092893168,69.4011426455204,270.388863295089,71.6115900443156,133.305160822418,410.85763146474,6.85941392141785,54.569682371228,-1141.36362421658,-0.0349423762935522,-0.0444673882947998,-0.0283994375034572,0.000699690217081209,0.00257269788778658,-0.000869322852572651,0.00252398620657042,0.00358014728563069,-0.000645564396576196,0.00358185628491641,-0.00437763739753163,1.82179622137131
-0.721214263101738,2.2157224387825,0.804100257473404,0.0179922522469562,-0.0348272963191331,-0.0174856640760271,0.0785336352489752,-0.0957074822607713,-0.0314984359386777,-0.56707441911778,-0.0658666270918583,0.0698147244448332,-2.80446623126974,0.487356267239222,-0.527234567646137,0.051731606630279,2.80217142212731e-05,0.00780959514650987,0.174313693489287,-0.0307547432543812,0.0235711286516871,-0.119941525407464,-0.635297353042894,-0.256695156065505,-16.5036669352145,76.9609801633363,6053.51098821535,43.3805742804998,77.3114271237886,269.58037414014,91.4073998146566,142.468370929244,423.415915902514,-55.5905019144328,66.3866203710637,-703.144192309188,-0.024344659864799,-0.0411090843899152,-0.0425116327523143,0.000651643790917875,0.00260139510674832,-0.000943264157998501,0.00231620224258239,0.00333979417947911,-0.000663143431813972,0.00231672993773684,-0.00197104979203125,1.8359227058409
-0.629516072599602,2.20269489713277,1.14247950682718,0.0174596103030447,-0.0330632016685354,-0.0251293876296887,0.0746682957102791,-0.0911453122363926,-0.0447949094079834,-0.566349855559081,-0.0731211863442456,0.0671832588400943,-3.08730505399974,0.649387302979264,-0.455788185802379,0.0604353638010051,-0.00714936235245949,0.00885091209422085,0.206520465213306,-0.0539473049783575,0.0280269419998687,-0.129564379172744,-0.69452944359716,-0.333985239896845,-309.563973662908,463.038797307309,7742.19881689287,48.892617367037,75.4651470918055,270.897833277439,120.587121669362,128.690399067577,439.356419021689,-158.804734217363,42.5505504061359,148.324971945818,-0.0108111028719048,-0.0339284091388905,-0.0486674408280296,0.000543813053162007,0.00257220534413423,-0.00102145776529006,0.00192910916583271,0.00300817250291998,-0.00070542572998813,0.000175332369623795,0.000538239145307781,1.84946649096442
-0.473070536908354,2.17395676309836,1.39255498616901,0.0156526772599318,-0.0295975247835342,-0.0319738626855274,0.0641114428195577,-0.0809365089958159,-0.0576214473448468,-0.560531563519939,-0.0666202427725869,-0.206609326630841,-3.37016300261566,0.761118335426671,-0.383717229295119,0.0705688370341814,-0.0146725321496885,0.00869940797848112,0.240974099586658,-0.0779911184534322,0.0304979652535702,-0.12818862386734,-0.755936136431171,-0.344674237900149,-883.949970780881,916.167729605713,9222.25763487203,57.0285901413743,61.449930217367,274.415943586636,165.62647944882,86.69157664492,458.596287280634,-285.372155563371,-30.3218341479727,1222.58081605889,0.00316335544079142,-0.0259429030826645,-0.0481509675884351,0.000409059698492025,0.00257737361099046,-0.00105262380423922,0.00143307387419474,0.0027788494347953,-0.000675710644394528,-0.00194715035826081,0.00246974867718413,1.86354510217963
-0.231988500064684,2.12147309186941,1.58566598139168,0.0113635691158156,-0.0231565740241186,-0.0368612669271197,0.0434895111961797,-0.0619536913382833,-0.0681300716619542,-0.551927787132666,-0.0407384905392372,-0.593216377498806,-3.53674186617759,0.782064186806348,-0.367831972566614,0.0794639928937795,-0.0213275884253184,0.00831779298404755,0.267802855243031,-0.0980401165632126,0.0315884658545903,-0.11005434967115,-0.799275300111591,-0.367930629304341,-1684.87756201199,1249.68368125654,10308.98079666,68.4916200960949,34.3066115645277,281.375175114471,227.056153768973,15.9037348523796,483.152140950652,-390.791951511776,-139.596303606443,2061.4519478445,0.0159414666454331,-0.0212786662024324,-0.044793038954142,0.000259589486905092,0.0026848139771426,-0.000949420679966826,0.000855273617316493,0.00278769857549327,-0.000415656811479096,-0.00295974219689781,0.00364044446222095,1.88044795733514
0.0818116610328015,2.05783315071259,1.76130663173336,0.00370743983113552,-0.0129575072473526,-0.0396453671875992,0.0113517369206576,-0.0328261184038036,-0.0758149102417056,-0.548146006601573,0.00445616452408494,-0.809717631386416,-3.40257106331928,0.680188543664353,-0.457987754016731,0.0811078423692469,-0.0246802102968435,0.00823310486977201,0.267446695804361,-0.104832570061691,0.0306096621471803,-0.0738765682016568,-0.794627824831906,-0.390820526505744,-2554.73636681342,1304.32644150288,10848.9476347983,81.9942866704897,-6.73479739986995,292.156932795412,299.327878227928,-82.971332942282,513.444052904186,-437.10859677567,-255.903425478395,2353.70095829538,0.0253454211922969,-0.0213384580010006,-0.0426583294363428,0.000138324597623376,0.00286044290513068,-0.000675062738343396,0.000376790388908866,0.00291112616875642,0.000148958351231329,-0.00258569931624366,0.00398424629050933,1.90385259929311
0.381412108690277,2.01350534187999,1.9417275049436,-0.00613933409385113,0.00061184492323796,-0.0412275146403331,-0.0269353086652055,0.00414516021654858,-0.0814273071161918,-0.558221714518278,0.0569043498105463,-0.797121984062082,-2.84774636189448,0.494543550900526,-0.682506246949532,0.0683898305098989,-0.0218373217620709,0.00725841855862503,0.219308470643788,-0.0882373360419741,0.0241476040848747,-0.0301138865196843,-0.72468114296746,-0.383898752617948,-3226.24036613201,1167.56040676621,10800.9873548882,92.4203571820208,-61.7065786475005,300.588236533307,364.680205822378,-206.480505894191,537.299921968892,-448.066054033271,-349.107643835604,2379.5301209062,0.0284413389653612,-0.0233153049292815,-0.0427609093199299,0.000165682684073583,0.00297140060724497,-0.000285234311985174,0.000426441243577437,0.00277681611273654,0.000934075612372774,-0.00154534353663577,0.00318076797264201,1.93129497594449
0.506208035168485,1.99983996866872,2.17633257766619,-0.0133745296890431,0.0156771277159034,-0.0411476280345732,-0.0553394656488486,0.0416377012730729,-0.0826460038775138,-0.584558902371683,0.094357229614367,-0.68026903307681,-2.01789958746078,0.353653813293694,-0.974576077415563,0.040649843768747,-0.011209587930892,0.00311905946555914,0.125118062459863,-0.0459286604214009,0.00905936435801124,0.0020122208548657,-0.608038768398632,-0.365568581094525,-3305.98705872302,1050.94083579252,10198.6142509467,85.9742841541027,-124.071390968995,297.465927605942,377.317356732325,-331.942488598758,535.146156903587,-466.624206632811,-383.4826547868,2523.89420576535,0.0263147678875627,-0.0245265069140923,-0.0436566854972352,0.000404029451254971,0.0029217460087016,0.000155243898317487,0.00117767019039912,0.00216047285584165,0.001815346210922,-0.000535565448360174,0.00138341053167754,1.95857783917668
0.384390540688107,1.96780441389551,2.47726591417723,-0.0135055167786126,0.0299934111973651,-0.0376256001618953,-0.0605589432404731,0.0722401370296202,-0.0753622371377807,-0.623856691406149,0.106064279876859,-0.541421159853458,-1.30652900222503,0.345762532840128,-1.17300572651241,0.00732151147938429,0.00610690680030637,-0.00418772274255203,0.0169764312299909,0.012266525407611,-0.0113521935529663,0.0122626656051261,-0.496530485319612,-0.39226636100496,-2750.61726941862,1200.00856982046,9106.80686616777,51.9710409878572,-181.974405194931,274.635568019709,303.51061101912,-428.449536338227,491.233258553453,-514.243468345951,-363.827624356441,3089.39641830484,0.023771259848964,-0.0236182128756903,-0.043252890905077,0.000774895453189339,0.00270191751238526,0.000605491224706566,0.00233472676453784,0.00112651325586378,0.00268001504275734,3.39751675978673e-05,-0.000765014152786665,1.98302443110983
0.113835719710955,1.87907527880799,2.8389308383085,-0.00710974646657948,0.0417915985415334,-0.0296176243633735,-0.0455631025244124,0.0929925274902018,-0.0583798093351604,-0.678025300653463,0.104173955664937,-0.466304873409901,-0.975512435864918,0.371332703229205,-1.15521475776367,-0.0202917153681541,0.0264803232689975,-0.0104970731334961,-0.0700591277574182,0.0709715696201257,-0.0267135698628522,0.0107653573737774,-0.423708917124197,-0.530951476496574,-1996.01445788887,1865.73208284556,7909.7255809523,-2.18309569696646,-222.163740339173,227.141307380032,164.346591810972,-475.024919737989,400.615350763299,-624.536858141286,-343.634134902434,4300.17328601598,0.0244521985228567,-0.0193163224906487,-0.0388804611780789,0.00114948991611366,0.00233281173181243,0.00104931154208761,0.00349078904847971,-0.000169085155622782,0.00346079653712611,-2.10654575730675e-05,-0.00273335016675886,2.00348838563263
-0.167925532445799,1.75189886646221,3.26203787052077,0.00200439704154983,0.0491756760857995,-0.0178383390539591,-0.0218479183118067,0.102451765543225,-0.0344452821986849,-0.744654806965671,0.101578172715103,-0.530160378519181,-0.93595042715348,0.232401543143078,-0.896851641845461,-0.0368286627244827,0.0429005583612637,-0.0106937627264315,-0.119596863564648,0.112577065479938,-0.0272038043962494,0.0117772277378024,-0.371701722408856,-0.843470563231778,-1565.59347002471,2963.49778493653,7205.57010472645,-55.7210230868063,-235.742277131237,162.458641351691,18.5352969927582,-468.985482970123,283.173465722957,-823.02862487927,-366.403245731434,6255.03207393555,0.0285822188898519,-0.0109456650724448,-0.0282278839832692,0.00145536633965123,0.00179501726293883,0.00149434790301701,0.00447222485250958,-0.00170016319745422,0.00416047450804125,-0.000565700321740125,-0.00442392424911308,2.02377248057789
-0.382593577160489,1.55140982644003,3.52354443547861,0.00942873403427869,0.0484614201042543,-0.00461760766187296,-0.000195630016842418,0.0960126310835417,-0.00905523460326272,-0.768225299830506,0.0899661828370404,-0.847713308637259,-0.871388069745543,-0.132708215628362,-0.46946162808773,-0.0402057752420156,0.0462161680953419,-0.0043178263986392,-0.125724154538082,0.118710965902712,-0.0130664133890504,0.0145185543419164,-0.303899256647056,-1.32912233244154,-1531.4830848219,4114.77032256906,7410.63879858234,-89.6434641945788,-231.380827747846,97.0303424090332,-77.9954065531751,-442.202311831068,171.714990712294,-1105.75394847911,-409.072487804257,8854.47469676125,0.0345597076031121,0.00179112694443864,-0.0100713240388757,0.00165846534817851,0.00102469099997758,0.00193080111303717,0.00525479832443103,-0.00356193235278251,0.00477185057265388,-0.00121906496380936,-0.00601067341497244,2.05408310801881
-0.563128235615168,1.39057348523923,3.57992664060972,0.0128311548781617,0.043117006817532,0.00655614144258159,0.012089022419437,0.0825461642358268,0.0111201660165752,-0.772692089925559,0.0655178732541633,-1.27906099087393,-0.716300766512573,-0.627324796687588,-0.0306090718045705,-0.0383387770035308,0.0440004452648469,0.00416924768350999,-0.116505655150015,0.111063195567779,0.00543433514510514,0.00492969827745686,-0.2677122060163,-1.81277408595528,-1441.49294426624,4942.18313346737,7294.25200120047,-95.1897580287304,-244.066145241818,34.3819821652728,-91.5863648277641,-467.821089498683,69.7041184731135,-1261.72182283839,-436.02892802615,11535.4389458494,0.0402731104361889,0.0188905093007257,0.0142021392526748,0.00170708311103053,-4.81370767045073e-05,0.00229073140452479,0.00577734892951295,-0.00586103988670812,0.00520009810743883,-0.00118122490572163,-0.00783611351960558,2.11065110045797
-0.76834973294781,1.46307198030416,3.7057581506413,0.0124989976173729,0.0327889042463863,0.0134649402582834,0.0172833007424709,0.0607333976891821,0.0226306036124211,-0.809040003345051,0.0331364544154085,-1.45266425641049,-0.463846607601121,-1.18202005634631,0.340424717269397,-0.0334592686422857,0.0390772099538979,0.0130292746307615,-0.10055439023874,0.0969137846728915,0.0244605634005781,-0.0143276115944001,-0.26730110625619,-2.21566952456617,-1173.49227134299,5822.05274572572,6073.44853512717,-85.6041307655644,-274.551304754457,-49.6614211263532,-62.7044646434923,-530.345793865966,-72.6553383528294,-1180.15812480581,-464.351060493725,12644.1978374634,0.0475842556647295,0.0427480484296546,0.0426664763415578,0.00163991839941744,-0.00152576081217436,0.00242023872384721,0.00620633290642646,-0.00881111866893684,0.00522284507995427,0.000461004545454692,-0.00957331528693094,2.21235862593876
-1.00145187448223,1.83647045767081,3.94598811145806,0.0108337544943821,0.0169607857219233,0.0110847846223628,0.0219888454409246,0.0289378013068918,0.0172963108242151,-0.865409541438566,-0.00219845874766018,-1.19969581722967,-0.14927193497459,-1.67243963333906,0.595668986029754,-0.0273882923650467,0.0327150063415483,0.0206511622813852,-0.0833378747062967,0.0798632024797402,0.04034181635229,-0.0408035678660799,-0.296603936373966,-2.60279926748805,-686.379474171395,6286.6301392226,3600.1658426537,-67.5779954617464,-282.272871134905,-164.432898985057,-28.8660994298901,-538.692909994354,-271.59979063417,-776.310137285941,-495.703716580624,10866.447916164,0.0572901879004038,0.0730317019134023,0.0654383614009664,0.00156369553954785,-0.00327985390875968,0.00205865884940658,0.00670730369268028,-0.0121079960516126,0.00441815176619312,0.00541388015945993,-0.0102894353040065,2.34203592188006
-1.22637879240322,2.3619302370987,4.15795736998959,0.0112607790273487,0.00236530462036006,-0.0037018825909345,0.0310458708622964,0.000836393135095072,-0.00955129721303907,-0.888824673485264,-0.0301250168188069,-0.909093362317028,0.163615706545631,-1.98358246710708,0.755286450516757,-0.0223296229875149,0.0249779016291818,0.0244805323643899,-0.0694054439368215,0.0608888276459329,0.0483080744675844,-0.0709364361860749,-0.350532846105377,-2.88586479280477,207.474726748633,5562.02465732905,110.658865020028,-32.0524621502231,-230.172405434402,-276.113751364267,18.2259166690367,-428.554657312354,-464.72562808248,-85.9333136178861,-469.042178232252,6589.36182509966,0.0682739545648539,0.102467158212959,0.0698888054102505,0.00159581652121114,-0.00478947410239766,0.00121011400745714,0.0072926706948176,-0.0147013451470621,0.00281938171992028,0.0147817921408033,-0.00859225767272186,2.46576067978154
-1.39535333399849,2.76881717774135,4.19786320734762,0.0164028004364269,-0.00176493737812116,-0.0233354712191705,0.0465746749058335,-0.00672558091990946,-0.0439337365549096,-0.844455769369457,-0.0314704848426988,-0.79536387795389,0.457170350894844,-2.09131114261871,0.798861700440576,-0.0179306985368406,0.0172510552274405,0.0214692437468817,-0.0574792356450037,0.042752314912852,0.0434594018823043,-0.0851573245592471,-0.417949353789944,-3.02382358412281,1314.59206795704,4008.29960318373,-3686.94154953341,16.90075417163,-128.129410750737,-335.569827710593,80.688092965764,-231.294956681841,-567.555445857988,667.641215790212,-328.475155014124,2287.28772210943,0.0770088353381979,0.12358674430161,0.052960017914066,0.00174642059031338,-0.00564943912885021,0.000384718442863431,0.00783243628918526,-0.0158846651376452,0.00131332149371464,0.0267172394789393,-0.00343259948231222,2.57218318656218
-1.54147037081261,2.97800685829279,4.14808869999425,0.0244802145780257,0.00421171939102189,-0.034854442682639,0.0650146767713503,0.00367526884740263,-0.0634427586804794,-0.762298594388202,0.00703957514961632,-0.466773534296421,0.749868110941503,-2.07104867412832,0.647102459349307,-0.0123305851759449,0.0131309589902868,0.0132708271707162,-0.0438369222868107,0.0315694436163159,0.0292461314047923,-0.0606115547174085,-0.479003064823212,-3.0131474596702,2173.03735076278,2821.51139149454,-6652.34888177803,64.1273888719238,-22.4710064839146,-333.4136421495,147.755751927191,-37.4650626489313,-566.744700079356,1229.20130035528,-97.8898688891064,345.818713333526,0.0765746387546015,0.140809062302693,0.0297817096358068,0.00187023889685816,-0.00604335490383026,-3.36658853387556e-06,0.00811824652841318,-0.0160834966518113,0.000578494227562082,0.0363445450929307,0.00464803384661988,2.66838272846388
-1.75843654968491,3.08463994773514,4.2801105171821,0.0310074734772,0.0121731584909676,-0.0335062314937726,0.0791850452706302,0.0167329046248644,-0.0605487749839053,-0.702104216228148,0.0759327317054617,0.348313659021615,1.04114239754024,-1.97652473379233,0.284542273884119,-0.0051104970008586,0.0131451489681212,0.00547106684507418,-0.0271541183526627,0.0273687317194842,0.0155540118145554,0.00195366600484599,-0.515221781175809,-2.65348995535657,2360.25338736831,2924.67837372599,-7910.58079098631,105.78607645958,60.8997693246117,-301.962358774855,220.833121874509,111.816487598862,-518.970570514412,1465.02244891139,182.20697073471,383.02196474047,0.0616641653708931,0.163961518312136,0.0236440002040468,0.00190868174850698,-0.00631476860789128,-0.000144461738557642,0.00818848243121467,-0.0159564168342217,0.000266333108317031,0.0398643329733211,0.0135287464019011,2.75588794555311
-2.05910201285846,3.12079143905277,4.70326487239159,0.0332816246102821,0.0163450067118772,-0.0243389731718014,0.0842995585234271,0.022888083361152,-0.0442394426679381,-0.679077046858126,0.150714604121829,1.59678988475733,1.29225223189255,-1.80189583435061,-0.198613869381032,0.00248819417571639,0.0142712663407397,0.00186029448456652,-0.00908149104268832,0.0244415508595967,0.00880760199485815,0.0797005874683303,-0.518359527762924,-1.71469714922833,1792.73670252814,4091.66721496484,-7500.01190722219,142.348820146421,125.410330259832,-260.849709838282,295.850060966093,230.211156144222,-455.94629791881,1428.49033527919,499.754747715697,1450.58551164866,0.032375121496311,0.195549859483989,0.0524060384034783,0.00196841148062437,-0.00649760606813299,-0.000333136680886941,0.00831331671754984,-0.0155824209062336,-0.000110058190797311,0.0369477209172624,0.0209980605385313,2.82993487993692
-2.33826708559915,3.0364621470502,5.23269278061069,0.0317543237347596,0.0163999007987116,-0.0144020105573783,0.0808384127284157,0.0222016328331017,-0.0265571901880818,-0.656086551886343,0.211459447277582,3.27583358594744,1.4446028466067,-1.54903149742644,-0.654182960160154,0.0085780918175545,0.0135505468094193,0.00300859690552831,0.00675053670446162,0.0183531584479845,0.00984209349494465,0.142069797503018,-0.492067286166924,-0.311328388736578,1053.13562267,5175.51796410314,-6551.41640004945,165.407865139997,171.69266395903,-209.419858035917,346.506364477111,321.79201943426,-373.474012463049,1337.94725711804,791.424742988737,3818.48184599634,-0.00713001083689627,0.231862393702668,0.128562646226763,0.00219735842572312,-0.0064500674391539,-0.000655154286696638,0.00876818457574969,-0.0147664248605417,-0.000661775390632606,0.0294263758659445,0.0253668990035704,2.89257265622588
-2.5584366081524,2.81732876730692,5.81054554017832,0.0280954131735142,0.015863378299781,-0.00623197184819294,0.0713254315901166,0.0216217644458211,-0.0119442189039703,-0.632354892609679,0.243984732213503,4.87045084130882,1.49591979939319,-1.29242189538586,-0.955769883080933,0.0124930421424839,0.0115244405415831,0.00701762146990301,0.0179007354482026,0.0110370439873159,0.0154857653138094,0.16825547019952,-0.464441811710674,0.83166486026566,402.965193117188,5888.3244213972,-5517.50853809432,177.509145326248,209.980588273102,-154.850703838774,372.485660052156,404.64950506423,-283.158059994033,1236.39353502335,994.738476654767,6062.82207250028,-0.0526808459678168,0.272559133770312,0.261818973496426,0.00276991024626816,-0.00605475034342344,-0.00108768055980366,0.00989984450479193,-0.0134224091057551,-0.00132783737298853,0.0202086280784571,0.0266108807651716,2.98993900227363
-2.75955265358269,2.49510834946885,6.48046118867731,0.0234589564583662,0.0174439471335762,0.000783026007076444,0.0577895073452932,0.0258480726044556,0.000485400332646109,-0.625836827129471,0.252350549181491,6.09791770812945,1.52572113206855,-1.13431384106026,-1.15898576525301,0.014615594290081,0.00983206161526124,0.0126560551406044,0.024155751670164,0.00505317513993859,0.023657494847972,0.167036921118704,-0.463949419805691,1.11095094264067,-47.6983848605448,6212.80665142845,-4776.27519456276,182.004750451841,246.466439207569,-97.1329101424072,379.387937991932,485.948939402419,-186.159946913648,1141.954666238,1099.75452215234,7323.19104690638,-0.103881358648828,0.315520430421708,0.461917038632563,0.00365760514491541,-0.00533626529438739,-0.00143197803742065,0.0116207581684511,-0.0116471253761136,-0.0017859729345954,0.0114518276881665,0.0260136498237204,3.17423503007223
-2.94937553201816,2.09287864560999,7.23809267648008,0.0173610217917441,0.0198140595326458,0.00752324713611148,0.0399171460280351,0.0320273013620487,0.0121623499134652,-0.631512487636698,0.250104484899282,7.31734512430451,1.55006604856571,-1.03961963985562,-1.35348093339183,0.0149734588254176,0.00660488695113845,0.0185482046198067,0.0264580449159078,-0.00347914526233349,0.0319753032233728,0.158331204633422,-0.474891762178291,0.936759657465993,-225.15640148625,6194.25806908314,-4865.93314314835,178.116054160902,276.056547568215,-35.9322368531393,367.896170495907,553.138562485749,-83.8809022360145,1089.82189381253,1144.55410067762,7430.6826047022,-0.169594001673671,0.357964766025384,0.758977039112976,0.00467007305239272,-0.00431870849237537,-0.00150031615429144,0.013463959170189,-0.0094458235210308,-0.0017599119327692,0.00233477732514517,0.025154123488564,3.46575358591181
-3.11929372658643,1.62664473538804,8.11253658165575,0.00939559000632859,0.0218493385644224,0.013992349775232,0.0174156937547966,0.0378098602643851,0.023073843718621,-0.646585957767366,0.24193841911808,8.70444919412245,1.53751587217333,-0.932457771422696,-1.43419695222016,0.0148006690655445,0.00153202699118861,0.0232668315317937,0.0279877554843253,-0.0151493813440324,0.0381967444237298,0.147972011146974,-0.484006017431676,0.885121867815497,-275.815154213635,6123.9892440066,-5602.51712207775,166.861916740297,291.523546074288,23.8456636536764,343.730893893464,591.379761338304,14.1035023338842,1070.18548983909,1181.5889154855,6638.75207391056,-0.255400624311346,0.389827566435133,1.19445050700686,0.00551008411512531,-0.00305153098192725,-0.00114617973606526,0.0146909855749851,-0.00687564549117444,-0.00104378306973075,-0.00837889018662351,0.0243656190848565,3.89136633815358
-3.20923382203041,1.0655516670548,8.9630523261657,-0.000791676659210119,0.0230234328893468,0.0200145851243292,-0.0102423050619204,0.0418043713518626,0.0328241844645694,-0.666895619164771,0.222224984431197,9.98688527566367,1.47433720410394,-0.825802940113621,-1.28540830094518,0.0143978063385793,-0.00460586009738031,0.0267077755900922,0.0289558861515781,-0.0284021384370711,0.0423225954988109,0.133012172781139,-0.491959919722617,1.03020397193995,-227.064931338671,6090.14693701167,-6769.48022765256,151.657647874265,291.221405604978,77.9036463013532,314.86336510899,596.467648085639,99.9880993797418,1076.21557717344,1206.73607433197,4341.28721158446,-0.357287170927339,0.394103268107435,1.80970853187497,0.00583205892828949,-0.0016393878500632,-0.000252859342247532,0.0144424139467977,-0.00415021337326173,0.000507386131307131,-0.021183370489641,0.0223990678111424,4.50172333332371
-3.12456413643261,0.374466988113481,9.33739844446786,-0.0136269896229939,0.0219733714863883,0.024669698197457,-0.0433377355946375,0.0410323584507625,0.0398270281067237,-0.6880227387437,0.184103980364992,10.4530494619316,1.37528980319953,-0.766746465974941,-0.889334140642364,0.0134064343307405,-0.0110553401747335,0.0292371238393859,0.0280433986563493,-0.0417971252219108,0.0450379029280611,0.111997465036513,-0.501938943390074,1.28956145278492,-193.257804161767,6087.68422189698,-8113.80173656011,134.885468587464,276.723634215764,124.116734961248,285.222810937685,571.704925709993,170.346712753165,1076.2620684516,1226.86711013789,151.118544143294,-0.457484508862054,0.346987865563316,2.61699102995992,0.0051818442920788,-0.000377736313377653,0.00119799704438715,0.0116707368838679,-0.00188311585434928,0.00285746105278086,-0.0359349035195925,0.0166205551915083,5.31712158078587
-2.79660499807186,-0.365935505788297,8.55969987864362,-0.0274140939284566,0.0178354005580693,0.0259262810741042,-0.0767239114971916,0.0338658434129733,0.0409823280696386,-0.697971098067293,0.132056380988279,9.38067424781785,1.28345198915119,-0.792388334484729,-0.398025512748277,0.0113262227968088,-0.0176144477748302,0.030835332728008,0.0240181296342805,-0.0549020816382618,0.0463587407204811,0.0874450708818521,-0.515078804822939,1.48095993560576,-290.459527938027,6067.7204965435,-9503.48216310659,117.583110162248,250.957698126661,161.209061907241,255.072523303281,524.353043088828,224.180759076533,1039.47738790177,1258.79260301511,-5359.48671300848,-0.516564434297703,0.228911024627807,3.51548418571867,0.0032222816084492,0.000269228350695461,0.00292006045168744,0.00577517038046804,-0.000990662602706947,0.00547327457882519,-0.0501010293431557,0.00418111916944752,6.22491627051935
-2.30469374482924,-0.945250358431691,6.38490039812497,-0.0380335311664253,0.0120964068981228,0.0227732202461832,-0.100186075601925,0.0235322685694066,0.0351782212288844,-0.686224772829547,0.0846328950509362,6.75247414108965,1.24648201716573,-0.891428201884413,-0.140917581354247,0.00834304911670394,-0.0241313212646699,0.0309508335580344,0.0176556947490651,-0.0673200561161094,0.0454835559333091,0.0649692129275051,-0.528609516236716,1.27036328846781,-578.061663291937,5983.25062923387,-10697.0065265147,100.483018794503,217.542806375332,188.642549780038,224.092475415837,462.508507420391,262.205636201506,949.290773049653,1303.54402068762,-10820.2340283032,-0.489559266840072,0.0566624283814136,4.26270494472976,0.000339139063143372,-2.0362509667732e-05,0.00426869785087107,-0.00194106960136364,-0.00201306639418742,0.00731224774230875,-0.0577092596855507,-0.0145460648505197,6.96383913429621
-1.86891835405285,-1.23441911261579,3.54745759365781,-0.0431302860802489,0.00739753581322974,0.0169488268006144,-0.10919213184631,0.015297777147286,0.0256386180483926,-0.662314845911731,0.0570469420113183,3.56372945547389,1.26611179521514,-1.003719895017,-0.393078870342982,0.0054842508374983,-0.0300098805629621,0.0292690189492334,0.0116987972108223,-0.0778781111820975,0.042061272768838,0.04828628124138,-0.53736498562872,0.406604473642514,-1037.99142330733,5751.59102472031,-11396.7717701757,83.279880044795,180.525205867854,207.878152631272,190.130532634035,393.732641311185,287.884170811159,799.507215481555,1339.72526761981,-15000.9464109517,-0.376936789946654,-0.11158850366117,4.68791674514178,-0.00237465991804987,-0.00102678632112791,0.00471165734399243,-0.00861976911630438,-0.00435019763168699,0.00763635186684305,-0.0547670357225794,-0.0339315231435179,7.36214676742829
-1.62480195449621,-1.30399766693748,1.04384893868177,-0.0441192373003573,0.00494319617045163,0.0111577896834106,-0.108560821206924,0.011299509255331,0.0166496111113786,-0.641867264312154,0.0462063945040181,0.915491221996703,1.29254273831071,-1.087140982989,-1.06872604297623,0.00343783421322962,-0.034664371367561,0.0261399292824959,0.00768982025326473,-0.0856815226937718,0.0367954528505893,0.0345616526417425,-0.540396577260021,-0.925132947733291,-1524.28367145018,5291.68346005053,-11436.4947239602,66.082505057885,142.650239301527,222.481242558894,153.226868121435,321.943176145843,307.08065175741,610.009675023107,1327.53708850156,-17172.286360694,-0.227284470599426,-0.228756553753228,4.85499276480861,-0.00416006857454133,-0.0021522597745319,0.00425640542021899,-0.0125706908339128,-0.00670559370200376,0.00661216939908901,-0.0438428104015024,-0.0475518217822311,7.49648257822173
-1.54778298994286,-1.2889134508509,-0.687350239938349,-0.0434965815636693,0.00425460022102706,0.00680595526732969,-0.104851904859253,0.0104284505627869,0.0101437587223217,-0.629809936047161,0.0409323118709844,-0.796978885539753,1.29262425639834,-1.16440589006786,-1.73660238246901,0.00183428124470611,-0.0381748259534213,0.022289835847965,0.00443826143278035,-0.0914102952331712,0.0308396244534216,0.0191934157665994,-0.546105134100687,-2.09451971938472,-1829.11597716515,4517.83555469891,-10268.69195376,49.1888453364107,103.856752504641,236.902660224445,114.557521190445,245.131534523533,326.278632641867,412.616810074115,1216.67868969686,-16406.7402793791,-0.0871572782147944,-0.284562411148856,4.91928147872418,-0.00497365587794027,-0.00289795202970341,0.00323530898372669,-0.0139644557260937,-0.00807814422738018,0.00485431458379558,-0.0299932586422242,-0.0524078910710369,7.53079070149956
-1.55833957204924,-1.26670349236513,-1.70169432684281,-0.0427046634328443,0.00453290593852983,0.00391746976803598,-0.101411109823512,0.0111906872533596,0.0059354100131441,-0.622819948819245,0.0353845014145265,-1.72832696423718,1.27975801976607,-1.26401264140146,-2.09995988201302,0.000100700485362883,-0.0407738331399283,0.0180623603312037,0.000534948331330665,-0.0957710907951245,0.0246232102294222,0.00362751141270329,-0.559274972914805,-2.69721603947481,-1798.1179660899,3464.74517751182,-7776.45685274494,33.2718083659367,64.9292589560705,251.236881074752,76.8618438565876,164.768892086539,345.454241012671,241.277718022646,1004.85336600515,-12805.4875177444,0.0208394604226462,-0.287851320115078,4.97567698867812,-0.00506154976295118,-0.00305210024891308,0.00205231105587824,-0.0135874964636319,-0.00809780058554168,0.00299052466185455,-0.0167715186381314,-0.0486958344478964,7.55570966942559
-1.59790460273523,-1.25772074637791,-2.18978520765716,-0.0421823557234502,0.00531040931850897,0.00209633759170554,-0.0990219788933808,0.0128335045504623,0.00331797930523626,-0.616898600730779,0.0292175519660575,-2.14327020024619,1.27183982475574,-1.37943352116139,-2.13103359296399,-0.00191171038742373,-0.0424511698622147,0.0134991914000825,-0.00419388294451515,-0.0986088214683449,0.0181139342324733,-0.00828614886340854,-0.575568619827395,-2.74136371416459,-1446.56346986997,2336.32410260035,-4702.89305002196,20.069687214143,29.6741133014203,263.069820444204,45.3700410586657,89.7409623357512,361.212821543346,118.56145516631,741.235527881805,-7918.88151095193,0.0910905633317965,-0.252886974427355,5.04657470892303,-0.0046681390171637,-0.00268305356332849,0.00104608003328755,-0.0121207591996623,-0.00697576291213647,0.00148554578441271,-0.00605826765706992,-0.038688299835415,7.58276968741029
-1.63779662035633,-1.25752366186858,-2.31099902697493,-0.0419140355197421,0.00639346756149041,0.00102547107660108,-0.0974445251859309,0.0150988511500783,0.00178143303295202,-0.609843835176863,0.0237304722502226,-2.22923127980286,1.26864187634843,-1.48685264801484,-1.92171202433936,-0.00408717223537772,-0.0431434966023602,0.00885795780188005,-0.00929920599448263,-0.0995341307110043,0.0116213469693797,-0.0150029982885466,-0.587518476210503,-2.41124998017786,-936.329880503454,1354.85193297743,-2091.80880852138,10.9679402542093,2.25879246903627,271.1016505857,23.8146246217605,29.683480700435,371.849764583526,46.215319197594,483.855427425162,-3667.24587063993,0.127059975556127,-0.196505109788212,5.12186506999946,-0.00399227508818437,-0.0020356675740045,0.000393692555375586,-0.0100794860816899,-0.00528460240096948,0.00054582838756142,0.00127825965484739,-0.0259697105757739,7.59533924087462
-1.6691528861926,-1.25669569773104,-2.18091935875247,-0.0417509628575063,0.00771005253165085,0.00050629433157732,-0.0962138283835731,0.0178941139086013,0.00102430138754269,-0.60121060524523,0.0198157815619542,-2.09971655803848,1.26230297319552,-1.57128142773873,-1.57102799358339,-0.00629612266916074,-0.0430143410901228,0.00465276633030759,-0.0143866971685153,-0.0986963290123144,0.00583085711742451,-0.0175590730256761,-0.591249020744244,-1.885968438039,-437.429437367399,621.042389588129,-532.0499102762,5.7823328688658,-15.7203664320997,275.70755595592,11.6736140070796,-11.5020387171365,377.918088944527,12.0244214650462,266.920416629539,-1084.15112656454,0.13680102278487,-0.135081976575655,5.1845322708538,-0.00319219740127941,-0.00137157587950829,8.38258958752924e-05,-0.00785334298517821,-0.00361874232782254,0.000114319840332551,0.00523048920490564,-0.0141256084761525,7.57573766846455
-1.69343433843545,-1.24835195092435,-1.89209203585752,-0.0415446200351934,0.00923043952891041,0.000379082425876616,-0.0949353686191235,0.0211547031117358,0.000813917450780682,-0.591545534647534,0.0175449005684058,-1.83432211989914,1.24760682298623,-1.63233350532161,-1.17510118348877,-0.00846231437881828,-0.0423938925521353,0.00134210530922247,-0.0192565157373297,-0.096713220740901,0.00134593958294172,-0.0178820296135205,-0.587603163872267,-1.32126066291119,-43.6019664622384,128.295224668944,62.9742216285055,3.26389770171893,-25.1181663264544,277.89870669711,5.8086061699423,-35.1858084798,380.770123917992,1.96535392652571,102.678894080589,-43.4231694281992,0.129362922616027,-0.08062678780921,5.22134151009125,-0.00238710995707955,-0.00085515456097735,-7.96133600409234e-06,-0.00572182646527465,-0.00234370011159763,-7.88836362046795e-06,0.00649825014858288,-0.00541833716417457,7.51272795318605
-1.71553199356651,-1.22982016019667,-1.52164697093131,-0.0411978856768327,0.0109309157240384,0.000483529960063828,-0.0933750571765999,0.0248018921174899,0.000921950042344836,-0.581549464744361,0.0164460228035405,-1.49562755057687,1.22386194831504,-1.67820889319046,-0.818754747793599,-0.0105683844523508,-0.04158401768088,-0.000881998830698974,-0.0238830941380219,-0.0942350904658025,-0.00160328557920734,-0.0174619458833449,-0.579722065059995,-0.840785790859025,220.847309667602,-166.837135976681,127.64715069574,2.171843940991,-27.8950036451101,278.701208157112,3.22713701026749,-45.0552605915776,381.769500927105,5.13811041585208,-7.80495990618394,139.910742641428,0.112459235450117,-0.0391163755745206,5.22786365509812,-0.00165946279322379,-0.000533514327729897,-1.05002302061889e-05,-0.00386548801137903,-0.00155077721991235,-9.20493714450943e-06,0.00609770013137744,-0.000363054741381818,7.40504540348187
-1.73978859295234,-1.20171398710873,-1.13135627041574,-0.0406711679490269,0.012780717443499,0.000670792112462505,-0.0914500440302821,0.0287425692078481,0.00114000521140019,-0.57165263618596,0.0159500369329318,-1.13371632380285,1.19311862011402,-1.7178822133987,-0.548925816307981,-0.0126386726152972,-0.0407442438813205,-0.00208505558139396,-0.0283470109866545,-0.0916508309895087,-0.00313791007590672,-0.0169541337648541,-0.570392585166535,-0.503906426058316,366.322469162028,-309.939375602173,42.5356202544392,1.75666588173653,-26.2154348222098,278.907823188152,2.19595798551156,-45.2802019119524,381.97544455302,13.6118132883178,-70.194893486979,58.6701344838709,0.0916770903250003,-0.0114620712174858,5.20670599855135,-0.00105723142730299,-0.000375978821028842,2.03120915617871e-06,-0.00237639770662583,-0.00115129814883152,7.2669891804488e-06,0.0049440992313999,0.0017550371332153,7.25841956783965
-1.76841051988321,-1.166220900816,-0.767477883642844,-0.0399655229349562,0.0147418289936258,0.000830321368227395,-0.089176867959458,0.0328813124703884,0.00131646573895489,-0.562002126695299,0.0156558177407079,-0.788650711534301,1.15775650090434,-1.75667821451881,-0.368635540641554,-0.0147042374370421,-0.0399002494401395,-0.00248062585821436,-0.0327385749430271,-0.089067209251345,-0.00357357776538871,-0.0164699704957604,-0.5610092660624,-0.303825566041241,415.721922827003,-343.82488665199,-18.1842571182353,1.66766188332196,-22.0213981362578,278.969582285315,1.94057121436387,-39.6838287444606,381.990375017784,21.9461263755837,-94.687575700164,-13.5422064925174,0.0706593194885351,0.00440868495748462,5.16265909273189,-0.000597715807233483,-0.000322471403022267,6.88997542276663e-06,-0.0012725546131331,-0.00099412176941992,1.2180086249653e-05,0.00364707124212357,0.00207339962016703,7.07973907578176
-1.80134423357327,-1.12561406204159,-0.460753219982309,-0.0391001688905336,0.0167738630947354,0.000902968594967963,-0.0866133859558971,0.0371302153117024,0.00137301145248228,-0.552586456047035,0.0153709172363953,-0.490504813474241,1.11910532496329,-1.79603833776633,-0.254774134648852,-0.0167789142382997,-0.0390120745754976,-0.00233151843447308,-0.037101076446042,-0.0864376112830267,-0.00328389627561756,-0.0159680961634747,-0.551897370746721,-0.197866391514899,396.122589777575,-308.416062833494,-30.6408847616231,1.73434611705455,-16.8489441171886,279.044492092988,2.09444606089265,-31.3683715560979,382.022497057475,27.10755901945,-93.325366440609,-29.8980168031603,0.0515830425479886,0.0116930277651876,5.09979969390092,-0.000274755881009013,-0.000316129254078295,5.386422037729e-06,-0.000519236870218524,-0.000943368719911719,8.7085911534527e-06,0.00251452858792491,0.00159030151993946,6.87428279583051
-1.83686782518136,-1.08140052516449,-0.226368135908864,-0.0380927109775115,0.018837254146881,0.000875920019405958,-0.0838111654929754,0.0414100918734723,0.00129563262180338,-0.543328845884213,0.0150419146904504,-0.257179555999807,1.07735949153611,-1.83512546856598,-0.180285602375069,-0.0188554787267485,-0.038030026537666,-0.00188666251134676,-0.0414268570678515,-0.0836785071585613,-0.00261515188876762,-0.0154364209785337,-0.542940128346803,-0.141101872821959,334.946225395855,-238.259891913986,-21.1790567361148,1.84739871387137,-11.7768780940691,279.133588197505,2.4167653687962,-22.5860912739761,382.070561969079,28.175560088103,-77.5142863239902,-19.9995122313248,0.0355785803063098,0.0135193425479491,5.02084762820273,-6.79717507012909e-05,-0.000318230276657594,2.67510535629854e-06,-5.29762073073014e-05,-0.000910723658334375,4.2326974155811e-06,0.00164490773481854,0.000946239820678434,6.64571026934946
-1.87231806586624,-1.03410748859663,-0.0650335463680736,-0.0369453446071624,0.0208912356262787,0.000767729939619475,-0.0807857380929013,0.0456425187946893,0.00111258964156245,-0.534135289305804,0.0146752725776754,-0.0929099296241675,1.03209717914785,-1.87215646711679,-0.126958142941206,-0.0209098626269776,-0.0369139007917113,-0.00134525154012585,-0.0456724062482037,-0.0807154229687986,-0.00183929758448416,-0.0149037800504483,-0.53396486813984,-0.104487588197711,256.33671709673,-159.677695685307,-10.8153716727083,1.92988364442709,-7.44805147257083,279.19867290208,2.7285404408021,-14.7535835835017,382.083378351653,25.7130810352731,-56.3732322828468,-9.18675786198334,0.0230219484438774,0.0123781030194657,4.92737515002808,4.88141555913469e-05,-0.000310080369267227,1.04031787161516e-06,0.000198230858403634,-0.000856123798733056,1.679316163242e-06,0.00102524887294602,0.000437720292729524,6.39668564243658
-1.90462898759324,-0.983495076740541,0.0336692279844082,-0.0356394502062433,0.0228880519786615,0.000611787850510998,-0.0775085499180163,0.0497383645691621,0.000871103999317927,-0.524939422033862,0.014292350941081,0.00999045238294654,0.98274556258455,-1.90492696627875,-0.0869334838300258,-0.0229026953967353,-0.0356288668043942,-0.000841672398832268,-0.0497667317037159,-0.0774825528897004,-0.00113579698928423,-0.014404755651444,-0.524887477225722,-0.076121971848194,178.382560859985,-89.6040654668123,-5.38361484282764,1.93764218040897,-4.13877016553782,279.217731850159,2.91624805755132,-8.56527957150808,382.033679762896,21.0271941882795,-36.0333875754199,-4.10135453035977,0.0137460389380697,0.00998911606572017,4.8201839665002,0.000101655868688025,-0.000287507776279898,4.48411369425804e-07,0.000301661846344682,-0.000772560828201692,7.56733891406807e-07,0.000601680294748821,0.000132711135621533,6.1293670884035
-1.93078871717996,-0.929021694153926,0.0860863359711827,-0.0341417093540263,0.0247690715551326,0.000442793126006208,-0.0739237798721045,0.0535934661056854,0.000618861354743618,-0.515796777170351,0.0139166605598812,0.0663146649548673,0.928875010309597,-1.93106985686476,-0.0582638602580648,-0.0247793889114219,-0.0341407728322047,-0.000447025578246839,-0.0536157154632947,-0.0739196394160986,-0.000596017104472922,-0.0139615808554683,-0.515790714189564,-0.0540725527495297,112.183515546421,-36.3331905877405,-3.29956654079863,1.85827405358568,-1.85903258904895,279.191115163497,2.93324473143085,-4.17337477596474,381.925191766211,15.5449038016197,-19.742630269467,-2.57343786130729,0.00722658712289229,0.00739523662256184,4.69968811950163,0.000113121020052788,-0.00025348021671723,3.05247179441272e-07,0.000313062078807717,-0.000668282676779345,5.14374258872335e-07,0.000316633150442676,-7.45358825467347e-06,5.8457633016534
-1.94880112105413,-0.870553119571671,0.109061737592281,-0.0324278239789318,0.0264745035871248,0.000288021480670827,-0.0699980941048788,0.0571119647295259,0.000392450136676355,-0.507093263422301,0.0135764510754296,0.0922251868124744,0.870615235001976,-1.94894400936983,-0.0401389155077708,-0.0264815995074066,-0.0324296528203446,-0.000181700551530926,-0.0571282215748308,-0.0700010892372153,-0.00024213931189585,-0.0135895502680814,-0.507096370089998,-0.0390002946612885,62.539401272303,-1.46868989195421,-2.3273929013524,1.70401084600727,-0.459032660220687,279.128674581228,2.78833438142608,-1.38683912036076,381.774594563248,10.4087764081153,-8.47748665425425,-1.97828718768695,0.00277162161914304,0.00512826692375938,4.56622057271517,0.000100847910103596,-0.000212531218567156,2.5159685832005e-07,0.00027440043687717,-0.000554195382891939,4.09932867278706e-07,0.000122541020450263,-4.61299970017666e-05,5.54797881935085
-1.95994441893714,-0.809367538473117,0.115922466717282,-0.0305313925779284,0.0279865129954802,0.000163517147359309,-0.0658130195619793,0.0602908708084715,0.000212642601791017,-0.499897208981109,0.0133117517543198,0.100823166363712,0.809465482971712,-1.95996234981816,-0.0304759834897732,-0.0279914856899944,-0.0305331205209917,-3.28145813255704e-05,-0.0603024665038102,-0.065816534237004,-5.19751911507155e-05,-0.0133129365337307,-0.499897244727375,-0.0302977214311999,29.4959726336133,17.6710704650228,-1.53617393229529,1.50096362791615,0.280273097343041,279.038082762226,2.52563729101841,0.153661511224052,381.59577114684,6.29575542065018,-1.74952454024937,-1.36770553459191,-0.000295886982085365,0.00337176257916391,4.42021705888132,7.73655678539367e-05,-0.00016815999807594,1.90161997624083e-07,0.000214434562907281,-0.000438336450704747,2.97878163599924e-07,-1.52553874747822e-05,-3.46432815481357e-05,5.23833367737661
-1.97130377555922,-0.748777101107235,0.114743486621279,-0.0285936542379135,0.0294036887637738,7.43749552451209e-05,-0.0616440066145735,0.0633493403381893,8.51936762235278e-05,-0.496019319452607,0.0131713674225005,0.100185815239878,0.748859686304567,-1.97123424940905,-0.0259523591841395,-0.0294071274390307,-0.0285946124631899,2.8539579704163e-05,-0.0633572141236509,-0.0616461773154369,1.7122443276687e-05,-0.0131689435091007,-0.496014838401992,-0.0256884258580475,10.1350457628379,25.7274640537152,-0.85199685902246,1.27738598535843,0.5826069101584,278.91965805162,2.20060225112075,0.845646661876967,381.393196964234,3.4146019413197,1.62636165984471,-0.761745287529535,-0.00249741299503095,0.00209996940435034,4.26229413918938,5.06893558126931e-05,-0.000122564976020184,1.26246681653441e-07,0.000150850836059992,-0.000325520702685165,1.84766051050455e-07,-0.000118741989747696,-5.14128527185153e-06,4.91938127818544
-1.98759171936806,-0.690527840891462,0.108401286120236,-0.0267299109090044,0.0308487354960178,1.78937360548478e-05,-0.0576587725088289,0.0664943041834317,5.49341144645532e-06,-0.495322264887444,0.013135963794799,0.093444051839968,0.690589021582437,-1.98746518749328,-0.0232303117222052,-0.0308508105796287,-0.0267302114763862,3.34965781122108e-05,-0.0664988191922958,-0.0576595873301617,9.71839864189604e-06,-0.0131324867866246,-0.495314625773686,-0.022508562556994,0.303821460207976,27.3562470240802,-0.380940898650044,1.05260511170307,0.635531521305516,278.765029526364,1.85591546771995,1.0375227217019,381.160640833694,1.62467224194151,2.92317552521147,-0.328520053996046,-0.00412771219268548,0.00119381726038953,4.09326651805608,2.54201312448931e-05,-7.75018412971594e-05,7.47676973656809e-08,9.32960456292892e-05,-0.000219331556366775,9.28964144914967e-08,-0.000197180573322306,2.46878032214358e-05,4.5938700911494
-2.00214702809331,-0.632037715977669,0.0956510383176851,-0.0247921716259258,0.0321709091471952,-1.18649476577101e-05,-0.0535190031236131,0.0693869575184304,-3.51227063138012e-05,-0.49487245376927,0.013113625467079,0.0801296008919034,0.632079888763628,-2.00199281026057,-0.0202011415913741,-0.0321717014391052,-0.0247920612741134,8.69691794144588e-06,-0.0693884013273346,-0.0535188680171266,-3.61281774994944e-05,-0.0131100099640487,-0.494863568612917,-0.0190854071074655,-3.79331547726726,25.7718850099382,-0.138611612037737,0.82780965560537,0.564775603991007,278.562666754403,1.50040752185411,0.970223857328322,380.889425300378,0.63114739899297,3.07914391392255,-0.106295277591841,-0.00522983099886075,0.000536467206626104,3.91414584017065,4.41862598667997e-06,-3.58923862412301e-05,4.03436609028109e-08,4.73551387177873e-05,-0.000125557435276867,3.06088289339994e-08,-0.000240107672516402,4.44784427783188e-05,4.26469116845068
-2.01334534516759,-0.572994006845046,0.0747964571027308,-0.0227606628586264,0.033322362531538,-2.23030663490654e-05,-0.0491823045626536,0.0719287417274068,-4.73927502558717e-05,-0.494173359003856,0.0130723859658884,0.0595789649112307,0.573020136130632,-2.01319727263291,-0.0166170856670244,-0.0333221323676965,-0.022760362326055,-2.43610251826841e-05,-0.0719277938413349,-0.049181622801346,-8.97339095629309e-05,-0.0130692842541262,-0.494165147767587,-0.015386026505394,-4.77107956454561,22.9652679073931,-0.0594995981340075,0.60015099189508,0.43909773640692,278.296985105315,1.13630640504771,0.781537939253527,380.567793436473,0.185954549587642,2.74215874907538,-0.0362257454868438,-0.00576295018672621,5.88487699593511e-05,3.72612578413227,-1.08228706484669e-05,-8.13655299565788e-07,2.16299478751459e-08,1.54958179794007e-05,-4.99404143109451e-05,-3.23886514467045e-09,-0.000238833294103031,5.28081653628961e-05,3.93481053129259
-2.02092069138084,-0.513683582701578,0.0452281304477357,-0.0206497105029905,0.0342858314155826,-2.12659925480681e-05,-0.0446794598241435,0.0740882162909856,-4.27388648052846e-05,-0.493251273556025,0.0129888411983861,0.0322790498377117,0.513699058316744,-2.02081344662546,-0.0135324722236656,-0.0342850914236104,-0.0206494245576025,-5.03489548419754e-05,-0.0740860286479213,-0.0446785945436652,-0.000129307810230993,-0.012986752653815,-0.49324525605876,-0.0124377695051236,-4.3994614494546,19.9840605957021,-0.0486647214225887,0.364656788478141,0.294301438735557,277.947401691427,0.760136839938097,0.548413771750112,380.180297356989,0.0493824152711266,2.33094830452108,-0.0308167183583243,-0.00565863629718541,-0.000250140154938656,3.53056249807297,-1.93373986799103e-05,2.45541944139255e-05,1.50497974853504e-08,-1.05448152825531e-06,1.95178624396428e-06,-1.41366217754667e-08,-0.000187797012668349,5.39355206745547e-05,3.60720049208568
-2.02440614403172,-0.454445910446685,0.00855866897180037,-0.0184751728639364,0.035037662850546,-1.56756438099532e-05,-0.040043693501811,0.0758211246485881,-3.13396577785574e-05,-0.492065768833245,0.0128345720752553,0.000650482743881255,0.454458652666729,-2.02436117409281,-0.0124069438690438,-0.0350370238031507,-0.0184750791769552,-6.01004282122099e-05,-0.0758189578100157,-0.0400429158085092,-0.000142048262203784,-0.01283375003158,-0.492062173304131,-0.0114405508031797,-3.68853859318427,17.1894601537453,-0.0461055613431964,0.118677752862168,0.147062880198752,277.487186999885,0.369577939304832,0.309156198044376,379.707087957121,0.0307803714294,2.0596380674742,-0.0366070357416111,-0.00489913262858648,-0.000366154396474546,3.32895350907518,-2.05565680150952e-05,3.75917666187972e-05,1.75061681373748e-08,-1.97067333043943e-06,2.60551939830382e-05,-7.8043298319732e-09,-8.89042160224999e-05,5.53931860923922e-05,3.28477284599947
-2.02325337780825,-0.395734953664731,-0.0309899939127445,-0.0162583100855815,0.0355508893355669,-1.07489870707701e-05,-0.0353190739397516,0.0770773823519865,-2.09687270909248e-05,-0.490559396727055,0.0125794829465347,-0.0309834641707715,0.395749107552123,-2.02326419354742,-0.0141140443488092,-0.0355507598763616,-0.0162584527719191,-5.00257834991717e-05,-0.0770759939070059,-0.0353183538394952,-0.000123499407548621,-0.0125802494506241,-0.490556455497492,-0.0128874148100633,-3.06678872979424,14.5700356996055,-0.0424834421748482,-0.133243047086924,0.00628295206964732,276.881842311531,-0.0280337196963069,0.0830757492617669,379.12276977311,0.00958671548791546,1.99433209754847,-0.0441376941932319,-0.00357329096380416,-0.000266826032715087,3.12290807875274,-1.45852164866859e-05,3.7105908413875e-05,2.62706082462953e-08,1.16737235464614e-05,2.14676610693823e-05,1.00610380475095e-08,4.50002716682673e-05,6.47919194124548e-05,2.97030933087884
-2.0168325120669,-0.338128512081782,-0.0671166490538296,-0.0140268908771609,0.0357960080500435,-9.61084394329613e-06,-0.0305627389630229,0.0778028468386764,-1.63255953255829e-05,-0.488659997151018,0.0121944225954709,-0.0572357021080305,0.338136942037654,-2.01686404047196,-0.018172401022613,-0.0357963545208829,-0.0140270559051138,-2.1624751089251e-05,-0.0778020717994608,-0.0305615536656401,-7.69750756308819e-05,-0.0121975841839972,-0.488654576841822,-0.0160236405963668,-2.5968145712933,11.9946354777803,-0.0537397543213387,-0.37647733016819,-0.119502676601503,276.087154514352,-0.410466219097762,-0.115649104098942,378.395046115958,-0.0663699414026379,2.10718856511038,-0.0628128966422273,-0.00189020394048026,3.26233590627694e-05,2.91410404130611,-2.53217680287357e-06,2.39627179382693e-05,3.78750157689132e-08,3.68194796761125e-05,-8.45902399538459e-06,3.25759063481942e-08,0.000190635602891357,8.59743424077241e-05,2.66638839214094
-2.00442364886975,-0.282317576334483,-0.0927310678252751,-0.011815490186569,0.0357418695419621,-1.30786742599857e-05,-0.0258454077858334,0.0779412166373621,-1.85961780522385e-05,-0.486280005177922,0.0116545422425893,-0.0729868781155778,0.282304148237427,-2.00443206967887,-0.0225051847938142,-0.0357422433996494,-0.0118152455068133,1.88093375805816e-05,-0.077940135261935,-0.0258429293367945,-1.31035071327719e-05,-0.0116610051228077,-0.486269761778607,-0.0188786755277813,-2.16893191873569,9.35987969083625,-0.0895034172108662,-0.586480834767871,-0.219165298385721,275.046922231297,-0.740590116897984,-0.27133170550815,377.483142894558,-0.194497402911114,2.31354286279194,-0.0962801550827342,-0.000152098329210061,0.000458756565287177,2.7042333635155,1.33453210750883e-05,1.27181440395914e-06,4.78315393527703e-08,6.82371411235563e-05,-5.5992309032749e-05,5.16075615189081e-08,0.000318729948890111,0.000116048075308953,2.37531412799645
-1.98522385160099,-0.229079598849855,-0.101718499435423,-0.00966496162760137,0.0353569872266409,-1.95671052374133e-05,-0.0212502370164377,0.0774366828266902,-2.5231274925263e-05,-0.483317465151732,0.0109430779976235,-0.0748145954744287,0.229035470698441,-1.98518627924637,-0.0239191857983416,-0.0353568591007978,-0.00966397634516012,6.06689768196465e-05,-0.0774343857828913,-0.0212460666257519,5.10754172605211e-05,-0.0109524122095871,-0.483303093608114,-0.01891921843315,-1.64428987365087,6.63038920655354,-0.147241266853988,-0.732790817895335,-0.27999362135269,273.690266177792,-0.972782844489531,-0.366787390683762,376.335858768779,-0.334743400192904,2.49078031337741,-0.141923859846805,0.00130509288499445,0.000882994679063376,2.49494788679842,2.9852148686158e-05,-2.59959482976578e-05,5.19241058149638e-08,9.90630268624613e-05,-0.000110034172424844,5.99881256673179e-08,0.000401244655787796,0.000144903402759525,2.0990593566954
-1.95838767251644,-0.179242703025711,-0.0907566265607122,-0.00762104703842134,0.0346116071715048,-2.52731403165283e-05,-0.0168700082706512,0.0762379034923466,-3.02265997753453e-05,-0.479660739492252,0.0100545191805744,-0.0620981446850139,0.179183563585607,-1.95831889223789,-0.0192843305000102,-0.0346108077867923,-0.00761953310292434,9.03491432774333e-05,-0.0762343780735466,-0.0168650429571902,9.4357477221522e-05,-0.010063834348095,-0.479646218853064,-0.0141401749771423,-0.940566632358309,3.80457175417642,-0.229641319674735,-0.786862655250422,-0.291478136569429,271.928435256005,-1.06539722513999,-0.388058748591917,374.889042949704,-0.426075296981762,2.48812493555621,-0.20442805081025,0.00218875406479294,0.00115062881201936,2.2878205635265,4.3466336394073e-05,-5.19419882653901e-05,4.80533983253804e-08,0.000122112099279934,-0.000158180952189915,5.44448846849854e-08,0.000419237163318648,0.000158144810234924,1.83923404035169
-1.92310246667207,-0.133644690849448,-0.0606737102393567,-0.00573204226244304,0.0334807669675437,-2.49465015379958e-05,-0.0128025293478414,0.0743035437238967,-2.53612047598016e-05,-0.47519677345226,0.00899630528852956,-0.0374381442505931,0.133605376068854,-1.92304202420814,-0.0070764998909695,-0.0334797139627862,-0.00573090069258457,9.40104619234221e-05,-0.0743000086862908,-0.0127990638665258,9.57300879426783e-05,-0.00900152273572832,-0.475186874766563,-0.00416797073699466,-0.0650131290313548,0.864040363092656,-0.345360110806173,-0.732456688669818,-0.250199527914675,269.651125376135,-0.996698230818656,-0.331152543044906,373.062378850897,-0.401381264045528,2.14269498267057,-0.289921072940228,0.00232459665687472,0.00112944711927234,2.08432975770061,5.12366930932155e-05,-7.10542047504541e-05,3.66282284321967e-08,0.000131705238583476,-0.000189432478398844,3.61264370709401e-08,0.000368770653559377,0.000142999460277919,1.59708061381413
-1.87867645328116,-0.0930802373423045,-0.0168585910086233,-0.00404532881272478,0.0319481832719845,-1.3510253873183e-05,-0.0091438984887894,0.0716087901403097,-2.74609774645792e-06,-0.469820840723379,0.00778940887239749,-0.0061989440858851,0.0930788855254951,-1.87865247177332,0.0113816345753913,-0.031947686851561,-0.00404567989543154,6.192729822352e-05,-0.0716071111570456,-0.00914439014439363,4.08901190659251e-05,-0.00778906846275564,-0.469817613845543,0.00918703040438019,0.893367561441112,-2.22433351084787,-0.464867816913731,-0.575597962120055,-0.163916823499435,266.72257709537,-0.779073064858025,-0.207839321166561,370.755591708255,-0.202997528464954,1.3175675528548,-0.369909440425874,0.00170804007835909,0.000762159043582124,1.88585763498707,5.16845453058079e-05,-7.95767094527929e-05,1.89974857313058e-08,0.000125427989651636,-0.000196877917353322,7.94147401245858e-09,0.000262632954292888,9.506480749811e-05,1.37348503471042
-1.82460789218724,-0.0582235711061838,0.0315798627533123,-0.00260263611162126,0.0300103884491631,1.15030391930542e-05,-0.0059793894795094,0.0681514769191987,4.14421271840908e-05,-0.463445701469609,0.00646911560401877,0.0247616103311006,0.0582243565364017,-1.82460567349588,0.0317663079419017,-0.0300111167861426,-0.00260496100876812,-6.35910835185682e-06,-0.0681529326673522,-0.00598454150844637,-7.03046244091126e-05,-0.00646735137878565,-0.463446766022911,0.0223714939427802,1.78705030478415,-5.39878335288599,-0.480471625563081,-0.349694379884301,-0.0528850713858488,262.978091395054,-0.46450083323937,-0.047514508261834,367.844554521994,0.1960634858045,-0.029731215700055,-0.363815529734906,0.000513392595017218,0.000100150951764413,1.69368203787534,4.53228200380878e-05,-7.65056156641883e-05,-3.42014466114897e-09,0.000105055427485449,-0.000179520203431077,-2.71302489491591e-08,0.000126891808818135,2.25272506659627e-05,1.16898795766174
-1.76062146235232,-0.0295270553417885,0.073854007967126,-0.00143436455224388,0.0276804667291612,4.73542030631147e-05,-0.00337263377770333,0.0639565208278197,0.0001030668478031,-0.456010170044014,0.00508619422975381,0.0488354589343703,0.0294489409733152,-1.76058547001729,0.0481381380461998,-0.027682425573361,-0.00143800482083527,-9.8071242636026e-05,-0.0639607464126417,-0.0033804879753079,-0.00021828873893625,-0.00509069992455298,-0.456010232768662,0.0315154574254752,2.4078105927412,-8.28346994067794,-0.274199130853301,-0.111318299438659,0.053312085043255,258.221923151286,-0.134951624434944,0.10759081963952,364.177957665493,0.759496177512953,-1.75720315313714,-0.204026598378255,-0.000947916291515685,-0.000701930560582984,1.50894905088016,3.44719748308355e-05,-6.38068378754547e-05,-2.66736064517743e-08,7.60335658630356e-05,-0.00014248935737084,-6.2546334258782e-08,-6.79384515000396e-06,-5.52028393895282e-05,0.983790724268237
-1.68669034777054,-0.00712641760732788,0.100270960314598,-0.000554082534701901,0.0249911170923946,8.48700841075918e-05,-0.00135527671383567,0.0590783945078775,0.000168199682337304,-0.447488752666676,0.00370575795086434,0.0613637849331724,0.00690862720668904,-1.68656489749231,0.0554884507672699,-0.024993562649819,-0.000557647016168946,-0.000187433170566422,-0.0590833951409683,-0.00136241503575933,-0.000364306575067333,-0.00372109779756022,-0.44748337465735,0.0342056813911591,2.44391611305269,-9.96096618236605,0.109221664818179,0.0752492061414531,0.123781064324613,252.22747404955,0.12350899851929,0.214384647805068,359.574765141204,1.34939290442949,-3.46413498609405,0.053154870491909,-0.00231290811502202,-0.00143684863830892,1.33263794578117,2.23460581854603e-05,-4.56746359693675e-05,-4.1962699204581e-08,4.55015076581924e-05,-9.53515100188837e-05,-8.46253830205228e-08,-0.000110410965340048,-0.000115032864781929,0.817767242147363
-1.60307295220165,0.0091972713159525,0.104937955506723,4.51366289274386e-05,0.0219971295432212,0.00011065858169155,7.97442156808541e-05,0.0536023641184759,0.000216272603800012,-0.437902316035224,0.00239990866158609,0.0607804196390923,-0.00952886178077718,-1.60285475926334,0.0520811396211296,-0.0219990665081033,4.27877292970535e-05,-0.000243147920911241,-0.0536058254832449,7.58150666510336e-05,-0.000461107991588376,-0.0024224185440101,-0.437891450332002,0.0305481405421752,1.4821563862998,-8.99857829965368,0.404307261452883,0.160371951022475,0.136564434741638,244.740284860585,0.253126113818544,0.243321002387287,353.821549219429,1.71865754514411,-4.5100055268197,0.228569430819413,-0.00327198825217235,-0.00192323002832436,1.16554647864682,1.17989907103491e-05,-2.7038625894238e-05,-4.09212807934337e-08,1.96606065688883e-05,-4.89712831412299e-05,-8.02940749410532e-08,-0.000166973469825846,-0.000140680381994019,0.670496847093419
-1.51035639442576,0.0199705374813191,0.0874267747637287,0.000391085054721212,0.0187770657359101,0.000113674796775409,0.00097874114527056,0.0476448497450985,0.00022951660935287,-0.427325090527099,0.00123375549224202,0.0488309275779157,-0.0203063229564862,-1.510113180238,0.0398001749837846,-0.0187779688911163,0.00039018288134845,-0.000243830881068531,-0.0476458070101832,0.000978168190805726,-0.000474885868440021,-0.0012539187711923,-0.427313481695606,0.0226770660298803,-0.781374540981417,-4.20759687717522,0.383002867458217,0.124870470528945,0.0858552905260424,235.484469318776,0.23763154289394,0.186110676506477,346.668361661558,1.59526363577946,-4.26060788958853,0.206474940953773,-0.00365719419880453,-0.00207405889011302,1.00831121912807,4.38388719295892e-06,-1.19063007663227e-05,-2.60324683105224e-08,1.81408693619085e-06,-1.20957167628002e-05,-5.30740766940173e-08,-0.000173517517304566,-0.000130080712809038,0.541318278590593
-1.40944319108266,0.0259196451582457,0.0528020113672949,0.000528961856277621,0.0154330521355003,9.36376598341535e-05,0.00142099523478732,0.0413516254950954,0.000205353567024072,-0.415880646023329,0.000250136537632436,0.0298538093026343,-0.0261366034649335,-1.4092705131389,0.0216353295227973,-0.0154331541263967,0.000528956688306174,-0.000195328552335533,-0.0413509676101845,0.00142208718757817,-0.00041051486998319,-0.000260575638942385,-0.415873635462654,0.01285786427561,-3.87648296704026,3.23783161396137,0.162780751305256,-0.0303715401002903,-0.0207359930736398,224.175524287873,0.0590348153887451,0.0442820395279404,337.824504765316,0.944203026850673,-2.75648111789738,0.0826697330881647,-0.00347758668915946,-0.00191661372090591,0.86144783863466,2.18471414093657e-07,-2.25650992720231e-06,-1.02931085521398e-08,-7.90381843429777e-06,1.09391759665006e-05,-2.35545030764524e-08,-0.000139213381652251,-9.45108322730109e-05,0.42938773576216
-1.30140894294969,0.0278859851334254,0.00941870600977071,0.000515236567112057,0.0120871591382052,6.01670758554502e-05,0.00150827108043595,0.0348916603147963,0.000155985580337755,-0.403723169588902,-0.000533184934497095,0.00906722471334808,-0.0279202866749111,-1.30136372465037,0.000299035469244199,-0.0120870564170205,0.00051536343071439,-0.000123474762961014,-0.0348910443855683,0.00150895899010862,-0.000302734988834165,0.000532100673082299,-0.403721869872289,0.00276545290271521,-6.74540493242668,10.3820849335691,-0.00475374777426077,-0.278061285544824,-0.162323828483081,210.546124087246,-0.285968479743819,-0.167006535128348,326.961286706839,0.0130895260127102,-0.702661155196116,-0.00132034048876638,-0.00288242505643276,-0.00155106545090173,0.725385012674807,-1.41897099209906e-06,2.10005724046524e-06,-2.23992283037426e-09,-1.12177034134526e-05,2.05555421606217e-05,-6.60249830394543e-09,-8.0818332204321e-05,-4.95343402456961e-05,0.333724300565136
-1.18724461724861,0.0267796916519404,-0.0341314853872043,0.000409914196176229,0.00887377049948825,2.45129019765049e-05,0.00135216871348638,0.0284461175747674,9.70859999515871e-05,-0.391008512964598,-0.00111540265221132,-0.00918103390292162,-0.0266557797579618,-1.18731593347271,-0.0212240977975469,-0.00887387175750898,0.000409707900156654,-5.226788645124e-05,-0.0284466058847227,0.00135126053532472,-0.000185615147017242,0.00111629235760944,-0.391009096742277,-0.00612142513981228,-8.6261564073319,15.1792600750467,-0.0491191928231769,-0.556088769279793,-0.306695091116248,194.387258246794,-0.736681270782695,-0.410265848452255,313.723109718722,-0.91043891215942,1.23108413431483,-0.0199646269026785,-0.00208029222324627,-0.0010946913985611,0.600477786187473,-1.48819569733917e-06,2.7666477497986e-06,-4.10002973495153e-10,-1.03901253468887e-05,2.04258973508836e-05,-1.19025538990244e-09,-1.69808453108763e-05,-7.42270526205846e-06,0.253238362216698
-1.06760335893347,0.0235301105914817,-0.0709003576535398,0.000268243737219241,0.00592908948011546,-5.32210014615254e-06,0.00106070646399242,0.0221955569515707,4.07514929933107e-05,-0.377866908304463,-0.00150577832821187,-0.0222001508795107,-0.0233403936825421,-1.06772871067018,-0.039787952031061,-0.00592942828555333,0.000267699135429073,4.68737078975489e-06,-0.0221971440867397,0.00105830367339098,-7.97740519338876e-05,0.00149897506582218,-0.377863351421871,-0.0125838993663479,-9.29190580625957,17.1388388858214,-0.0326140684067779,-0.79179737047621,-0.421333034584184,175.602725510122,-1.19159500575298,-0.638534735866766,297.74274055304,-1.6307324598973,2.6844418462701,-0.0112607461852533,-0.00126548511872366,-0.00064814004221213,0.487006592724178,-8.72007262062311e-07,1.6913249283862e-06,-6.28315317335378e-10,-7.56283995912665e-06,1.52354507563566e-05,-6.94598398162308e-10,3.70041301702363e-05,2.45335887363571e-05,0.186750117706272
-0.942697864714342,0.019033503944457,-0.0961881310565592,0.00013365866173892,0.00337953790362251,-2.62357908169947e-05,0.000726781666419129,0.0163097107655191,-7.41518425376348e-06,-0.364391422710598,-0.00171923545478781,-0.0289630627762414,-0.0188884985029826,-0.942800719721485,-0.0526352837441087,-0.00337994532785928,0.000133021628751809,4.40092387683247e-05,-0.0163117378460882,0.000723802520091368,8.46039617782375e-06,0.00169805264609016,-0.364379037800734,-0.0159198761871363,-9.00205481425438,16.9339772067229,-0.0127429392728856,-0.929055406263257,-0.482980503194454,154.276088418121,-1.5501803337416,-0.809271647430812,278.662052999217,-2.10194777422024,3.62583549802919,-0.00274148172527963,-0.000576451622341721,-0.000280094152767062,0.385177754169135,-2.04068566844911e-07,3.74958092215441e-07,-7.6991597457474e-10,-4.40086579739224e-06,8.92396876544861e-06,-9.28636927359621e-10,7.20102267746e-05,4.33105868180862e-05,0.133007076434138
-0.812470334382287,0.0141056285532471,-0.107402499021733,3.33426525369228e-05,0.00132998053315136,-3.87278859211303e-05,0.000420278128458017,0.0109425055724984,-4.69972926184266e-05,-0.350652064374523,-0.00177378269816897,-0.0297545424435592,-0.0140820746176819,-0.812495223289491,-0.0579626890630568,-0.00133032775548277,3.28010149081761e-05,6.8191398689699e-05,-0.0109443322895608,0.000417614594617568,8.16113894571708e-05,0.00173795163216791,-0.35062995109765,-0.0161052826992656,-8.26347435464281,15.7130434844759,-0.00375909418151704,-0.943276208707136,-0.482809290025446,130.745489337495,-1.74311397788946,-0.894319061815863,256.160481945029,-2.41249923231408,4.26327781623039,0.000440590007910948,-8.52815144251689e-05,-2.44327179516085e-05,0.295133253005175,1.9995909265663e-07,-4.3196934047959e-07,-5.63725810871783e-10,-1.90987912272772e-06,3.86699863993843e-06,-7.69112676227738e-10,8.54100853657018e-05,4.90894494764064e-05,0.0907028755439408
-0.677111704988442,0.00944000023940409,-0.103891287284366,-2.28287909949538e-05,-0.000148560005523874,-4.43673944160172e-05,0.000184379677267612,0.00623169784826349,-7.90915782823623e-05,-0.336730712760057,-0.00168926750508002,-0.025807425719593,-0.00954919858188471,-0.677045361887615,-0.0553031653368047,0.000148270560923974,-2.32710629520668e-05,8.05878784093055e-05,-0.00623309686973691,0.000182353545889235,0.000143468991762937,0.001645250588366,-0.336702353927158,-0.0137654543347961,-7.53461546824597,14.4718813412815,4.6543781478011e-05,-0.842627369996949,-0.42665903377451,105.674123504523,-1.74359380020595,-0.884110787173483,229.990792276799,-2.72345228449803,4.9257367079761,0.00114347534724049,0.000193944571793675,0.000115290321191,0.216967409236538,3.02832018190022e-07,-6.28067136253941e-07,-2.71814135592785e-10,-4.37594140373519e-07,8.78554923466374e-07,-3.75917753227593e-10,7.98882343022729e-05,4.43917781283734e-05,0.0584948432400046
-0.537911770782438,0.00556294001709897,-0.0871730353587921,-3.9852613446722e-05,-0.00103241655473728,-4.40146672550172e-05,3.57827545393576e-05,0.00229922341604604,-0.000102864536285633,-0.322720381706096,-0.00148687559631532,-0.0190185342021182,-0.0057518416829331,-0.537785435482047,-0.0457180226090398,0.00103212935727796,-4.02694076957736e-05,8.23164613120812e-05,-0.00230032982909766,3.42080069021195e-05,0.00019255264308274,0.00144459737530392,-0.322692046438523,-0.00998630456181463,-7.00314911993057,13.6177456632426,0.00218011618450627,-0.660212242809452,-0.331626226118086,80.096027998191,-1.56460743028954,-0.786724984635451,200.018394765398,-3.19892688388523,5.94318893680563,0.0010658173358665,0.000289941394563692,0.00015795701443197,0.150744185971949,2.25094761991086e-07,-4.60427111209959e-07,-7.04200266301424e-11,1.54137185677267e-07,-3.14115822731925e-07,-4.28410422196004e-11,6.17122842903574e-05,3.32709245637632e-05,0.035017458946817
-0.39820161107303,0.00277935561737375,-0.0614163433898762,-3.2142871755895e-05,-0.00135866831512868,-3.77808140538881e-05,-3.16920825727415e-05,-0.000751687080283534,-0.000114137508751089,-0.30844654286871,-0.00118767307230872,-0.0116166569988666,-0.00296473161002566,-0.398071934513229,-0.031780877427998,0.00135838718615494,-3.25321258691511e-05,7.25727103450991e-05,0.000750701374198816,-3.30565582305648e-05,0.000219424459161792,0.00115474880149774,-0.308423693818204,-0.00601444178298483,-6.50635707902939,12.8172992148104,-0.000177217697050053,-0.442838433451142,-0.221022491689252,55.4120599845618,-1.24972567530569,-0.624283248541627,166.258193431953,-3.94533061812811,7.53281326432292,0.000117084886932085,0.000258194747386191,0.000135737423441002,0.0965099284823806,1.09102406439655e-07,-2.20597704506984e-07,1.27169794134685e-11,2.26886589782369e-07,-4.5530607526107e-07,1.10511457966412e-10,3.88240098586256e-05,2.0324152997158e-05,0.0188908109515743
-0.263786926088164,0.00112493750978543,-0.0334382894897354,-1.62851575418436e-05,-0.00123163934839003,-2.64391384891327e-05,-4.04073844768739e-05,-0.00283397438459819,-0.000106768495189458,-0.292006628830688,-0.000808317164452343,-0.00561901539417903,-0.00124384913344488,-0.263701380344248,-0.0172086966517742,0.00123143378825518,-1.65613633912008e-05,5.1921667448559e-05,0.00283314728945787,-4.1524179424922e-05,0.000209731523866559,0.0007854273912906,-0.291990305360545,-0.00289016459802309,-5.63261046914501,11.2186978144414,-0.00728213264623614,-0.239791224754873,-0.119049234392404,33.313389429633,-0.863467145892896,-0.428917668347076,128.902394712807,-4.94141528941622,9.65719559622418,-0.00115661476533891,0.000164800033521954,8.45730756251355e-05,0.0542993605395387,3.36321320650575e-08,-6.69798510245178e-08,1.99841271274839e-11,1.23394648179398e-07,-2.44585892754853e-07,1.05893514698219e-10,1.8656060494126e-05,9.48441193472675e-06,0.00872509190289738
-0.142248119190885,0.000367997700392098,-0.0112877490126009,-4.26380312805726e-06,-0.000811228878572629,-1.3012085301429e-05,-2.00129305735163e-05,-0.00381018868499113,-7.69727829855661e-05,-0.26403114569527,-0.000362289695160732,-0.00210875803602632,-0.00041217614573762,-0.142216135993983,-0.00594392832342007,0.000811139734945867,-4.38115820631912e-06,2.59769697178379e-05,0.00380968728928525,-2.0677189908607e-05,0.000153663077845151,0.00034499291772336,-0.264018426840441,-0.00109478297969257,-3.99512391497614,8.02473945885316,-0.0105944877277464,-0.0915936288513445,-0.0452754499113687,15.6224077909286,-0.482911650715332,-0.238711515595134,88.3338281043116,-5.84477843383545,11.6297293437956,-0.00132322459126667,6.98555812767787e-05,3.51955562670239e-05,0.0241364479919044,5.42011192170515e-09,-1.05052076729159e-08,6.34633800856856e-12,3.48544307613485e-08,-6.76962990381958e-08,4.13685972590058e-11,5.81809655055819e-06,2.87269842548254e-06,0.00312318632403781
-0.0438295982051816,0.000105583970428148,-0.00100312049545838,2.81792977411325e-08,-0.00029394926892737,-2.86679899917057e-06,5.22983590533089e-07,-0.00320678390453506,-3.16563415121427e-05,-0.190449162934359,6.6547838512022e-05,-0.000712100837189879,-0.000111998689188447,-0.0438250928537213,-0.000667269362625777,0.000293935319262897,1.05700278319659e-08,5.7875816782685e-06,0.00320663185676372,3.31108042005478e-07,6.39108780970605e-05,-7.81169369302123e-05,-0.190440100763495,-0.000373847369297824,-1.63889887358277,3.31613789967253,-0.00451160968827191,-0.0165083913716185,-0.00812686552733005,4.06321322760099,-0.180094282510956,-0.0886603192272872,45.1216992618851,-5.30706124065373,10.7060802173237,-0.000434892606116489,1.24547778165645e-05,6.19070366256715e-06,0.00603465618485091,2.08669685656419e-10,-3.66336022069025e-10,4.55276481584807e-13,2.8275081401347e-09,-5.11153849122838e-09,5.02575859400917e-12,5.9566771902473e-07,2.82162714292189e-07,0.00068303722578552
