-1.3532142200886,0.0477714879972534,0.00552198263120283,0.00796114083553054,0.0812781027991155,0.000180726694564717,0.0144748771308072,0.14488406839811,0.0013366370486649,-0.557649570657598,0.0216212831414017,0.0139352939257295,-0.0477772939032653,-1.35323453817752,0.018198152357963,-0.0812841044966558,0.00796165940642405,1.2404372007789e-05,-0.144890493350545,0.0144767720486489,9.01361622572764e-05,-0.0216223695795059,-0.557656168573524,0.0427179192839466,-1.04143470421961,0.102672259527205,3.88036610238312,-0.0118029300424712,-0.161582103122628,46.7061261109014,0.0192327740914265,0.102944244556096,133.309380374217,-0.261263197668074,0.0320106161683474,4.07215120767607,0.00129371133954359,-0.00651068782202191,4.31883191811953,-0.000471637753625223,-7.86585193446856e-05,0.000357935692440582,-0.00149168039460698,-6.87956018806364e-05,0.000706285315849065,0.000537157983892801,-0.00191077476009549,13.106078012042
-1.3532142200886,0.0477714879972534,0.00552198263120283,0.00796114083553054,0.0812781027991155,0.000180726694564717,0.0144748771308072,0.14488406839811,0.0013366370486649,-0.557649570657598,0.0216212831414017,0.0139352939257295,-0.0477772939032653,-1.35323453817752,0.018198152357963,-0.0812841044966558,0.00796165940642405,1.2404372007789e-05,-0.144890493350545,0.0144767720486489,9.01361622572764e-05,-0.0216223695795059,-0.557656168573524,0.0427179192839466,-1.04143470421961,0.102672259527205,3.88036610238312,-0.0118029300424712,-0.161582103122628,46.7061261109014,0.0192327740914265,0.102944244556096,133.309380374217,-0.261263197668074,0.0320106161683474,4.07215120767607,0.00129371133954359,-0.00651068782202191,4.31883191811953,-0.000471637753625223,-7.86585193446856e-05,0.000357935692440582,-0.00149168039460698,-6.87956018806364e-05,0.000706285315849065,0.000537157983892801,-0.00191077476009549,13.106078012042
-1.35306932215154,0.0511213665304632,0.00275347213298403,0.0108707064686614,0.0809476671931589,0.000292208958763288,0.0195853059813871,0.144264952042941,0.00199469943891896,-0.557509051981261,0.0249880399717897,0.00556496179617946,-0.0511281376923073,-1.35307968319587,0.0195657461711518,-0.0809558141946565,0.0108711666192012,1.00721957426317e-05,-0.144270600117503,0.0195868265813026,0.000141795457151544,-0.0249896711150034,-0.557513221498739,0.0449258533405482,-1.23728392254297,0.0320467839938361,4.10027244768432,-0.0118179805078192,-0.147904667423049,46.6747930069695,0.0233573670694235,0.174989894413014,133.245374510558,-0.305057016342756,0.0156715838987607,4.0326602415164,0.000507258348423409,-0.00690980241646979,4.32339936864533,-0.000625200144244227,-2.1159357922739e-05,0.000365719561774549,-0.0017068734148694,3.96489364387387e-05,0.000696703697153249,0.000165847724062987,-0.00202531851680956,13.0733511026726
-1.35310193310887,0.0532037146564092,0.000174741726510456,0.0145014788083636,0.0803870096906654,0.000480784414734826,0.0259865908525044,0.143243203208659,0.00289266163589585,-0.557429246798739,0.027502944639157,-0.00228757483791932,-0.0532129497723036,-1.353088027378,0.018917256944982,-0.0803965964422874,0.0145015651407864,7.0349638283795e-06,-0.143245002609571,0.0259874981616541,0.000229825958985208,-0.0275049989105075,-0.557427536083829,0.0429947006912467,-1.63291558379105,-0.0488454593467719,4.31582938448076,-0.0100313399899574,-0.118505147550875,46.6479018803269,0.0307375381419634,0.274504327747789,133.186756949152,-0.40078059827192,-0.0015517095907295,3.94953568019228,0.000252027436183053,-0.00724500538675931,4.32727155925563,-0.000790452731352178,1.46437768888007e-05,0.000369656150974132,-0.00192114489138688,0.000105575579862538,0.00067942310750575,4.04339150882983e-05,-0.00214757593513765,13.0343245324752
-1.35333378656317,0.0541932367132254,-0.00141570360158907,0.0186833614841799,0.0795330510899571,0.00072044265535029,0.0333773250282065,0.141706978741532,0.00392215618327715,-0.557421327103711,0.0292525785664158,-0.00728340823705019,-0.0542125744545919,-1.35327353722528,0.0152102134033466,-0.0795419754518977,0.0186828907088091,1.9667852051055e-05,-0.141699863834114,0.0333780697952541,0.000410262098352004,-0.0292565677505434,-0.5574079542351,0.0348813285053989,-2.25412874010861,-0.158814168381462,4.5241106557678,-0.00476831275479201,-0.0678033462225794,46.6263900707013,0.0439891893550853,0.40900481279054,133.133981761874,-0.556036105344738,-0.0239715761048844,3.81710026295693,0.000438375231709975,-0.00721754397067211,4.33018660064926,-0.000954438256911543,2.92704425999987e-05,0.000368905876049689,-0.00211119825177341,0.000132302729617434,0.000653265948556272,0.00010226588651068,-0.00221664946493605,12.9881848177532
-1.35375850547532,0.0542924730339615,-0.00186418268864019,0.0232553273954273,0.0783367489850758,0.000994046574314175,0.0414716752548066,0.13956745497018,0.00498951556057733,-0.557485291858098,0.0303422670555684,-0.0093673816784029,-0.0543378959608941,-1.35362933087737,0.00789977767539109,-0.0783415474260217,0.0232544629207513,6.03403820632181e-05,-0.139544920351809,0.0414735800937541,0.000719805430627329,-0.030352098954705,-0.557453864346682,0.0199157399617052,-3.07416965784241,-0.335314362640513,4.72215200530829,0.00513230187366533,0.00814736957561264,46.6113049514065,0.0646075138149445,0.582311480534784,133.087494182151,-0.764665170566392,-0.0615408960281558,3.63046310946126,0.000830904788201694,-0.0065215442436972,4.33184304055656,-0.00109592182011098,2.76152959818111e-05,0.000362603366066079,-0.00224160352863844,0.000130509464768106,0.000617320085815526,0.000258095070906844,-0.00216022833889573,12.9340594126715
-1.35433904887458,0.0537120864029291,-0.000867867690306094,0.0280687735917248,0.0767671385976934,0.00126896840633294,0.0500050449445602,0.13676642621067,0.00594845926154154,-0.557610589698989,0.0308868340437622,-0.00824609628499805,-0.0538058934524043,-1.35413259012676,-0.00293595186429929,-0.0767636655845267,0.028068347557832,0.00013139409968348,-0.13672239452054,0.0500106017552729,0.00115413121587949,-0.0309085951013569,-0.557557692791869,-0.00112870705904714,-4.0387310610074,-0.618097495686229,4.90677845368878,0.0203813294411423,0.112147960645199,46.6037822316758,0.0931524531740862,0.795590691119256,133.047581674076,-1.01379437703587,-0.125532754407103,3.38530862091862,0.00118811548024341,-0.00492824779613092,4.3319050424998,-0.00119094378565951,1.02713321752391e-05,0.000349865349418507,-0.00227507568941062,0.000103253687653135,0.000570829898358991,0.000433782470866659,-0.00192501436355882,12.8710364590918
-1.35499772495904,0.0526599527611667,0.00207673410369929,0.0329906518441733,0.0748105023468592,0.00146404685359567,0.0587396543668206,0.133275371038482,0.0065104205128727,-0.557775058247688,0.0310035237619878,-0.0029585675050885,-0.0528169246124496,-1.35474141173465,-0.0162543424497042,-0.0747958511659767,0.0329923116758886,0.00021135584402272,-0.133208424714871,0.0587522216108669,0.00162569879493379,-0.0310424471251554,-0.557705797010239,-0.025557154875793,-5.05935684425977,-1.03134343881338,5.07437031057522,0.0412217675578244,0.244952391326644,46.6049595456906,0.129294369118685,1.04601760427247,133.014000488281,-1.28235653972383,-0.224006151054654,3.07777686223971,0.00127628537704174,-0.00235831648020789,4.33001013543164,-0.00121783134467115,-2.51326725885993e-05,0.000329785642620028,-0.00218115000725872,4.86705977661668e-05,0.000513148126549642,0.000570983847628562,-0.00149563273570095,12.7981884539403
-1.35560188561346,0.0513382034678117,0.00700057582939211,0.0379053541729517,0.0724655621789669,0.00142666098922454,0.067468294937719,0.129088002821062,0.00619051605883698,-0.55794321771941,0.0308075275636827,0.00650926470880765,-0.051533803476787,-1.3553792903952,-0.0298471608017906,-0.0724418438411699,0.0379107976622146,0.000235817930312148,-0.129008564621859,0.0674899121129699,0.00191045129298153,-0.0308602077522986,-0.557877097556546,-0.0486829972766776,-5.97642953894033,-1.55670551917011,5.22131027586811,0.0670387177774569,0.402277709436513,46.6157173600705,0.171240513824968,1.32203377970771,132.985065754876,-1.53105416183074,-0.354975746508694,2.7063782841432,0.000876978542277989,0.00101863592978834,4.3257718997671,-0.00116263522188916,-7.87781262562097e-05,0.000301518155834627,-0.00194494763317287,-3.11413414799683e-05,0.000444068572723063,0.000615432769600286,-0.000911582589462263,12.7145837361308
-1.35597699519622,0.0499371049477165,0.0125620301063576,0.0427149585289526,0.0697380388468783,0.000964762706777818,0.0760155919530187,0.124212910544434,0.00442041795067731,-0.558073809333403,0.0304082475801956,0.0168872815860184,-0.0500726411629337,-1.35592165199367,-0.0407874045905546,-0.0697170562611541,0.04272376813371,9.68782574841934e-05,-0.124150400439127,0.0760426678154022,0.00165555066353055,-0.0304528139587317,-0.558044631812773,-0.0651162384617011,-6.51088167753756,-2.09329759196668,5.34461877650776,0.095303301618812,0.569845312900917,46.636245478011,0.214088476610943,1.59568605381855,132.956312016933,-1.68818583657497,-0.495643236334792,2.27370314917916,-0.000109292019026312,0.00468765108827938,4.31877035975716,-0.00102563960276661,-0.000146369080692505,0.000264346217653744,-0.00157705561411353,-0.000126631763620241,0.000364062457663541,0.000532747520305479,-0.000273251947908424,12.6192770517881
-1.35604676082551,0.0486048482918812,0.0160887870521776,0.0473409016390069,0.0666442298855227,1.74912479460689e-06,0.0842419004824276,0.118682966959532,0.00101754410469839,-0.558168180637614,0.0299017245950456,0.0216167830187284,-0.0485281043914055,-1.35627198387077,-0.0466165257521723,-0.0666476728301088,0.0473484637958248,-0.00029208507412128,-0.118681973162572,0.0842625561866943,0.00058352760609723,-0.0299002148686517,-0.558207402272304,-0.0710620519361125,-6.26235927692431,-2.42766090384815,5.44102302603375,0.11979898092662,0.719225246164723,46.6660117464342,0.247085808854314,1.81702330856716,132.920646897097,-1.64611012090288,-0.592844121096746,1.78228952780693,-0.00146127913881342,0.00780827288199419,4.3085321881623,-0.00082761782161263,-0.000223741002392291,0.000217463496663185,-0.00112217685324099,-0.000229072113335908,0.000273531482801586,0.000354459008355995,0.000285552438310093,12.5112919772555
-1.35634911898888,0.0474061088686839,0.0157470949770394,0.0517437752459832,0.0632436506258847,-0.00115622432463076,0.0920765583219291,0.112611454981553,-0.00304128280726688,-0.558442507862262,0.029362623626286,0.0163025037557434,-0.0470352474636428,-1.35682722538397,-0.0464299715806006,-0.0632906265334559,0.0517429682737713,-0.000846189836723292,-0.112703408026109,0.0920765927678404,-0.00105828143676257,-0.0292904853197061,-0.55854765518118,-0.0653342707852615,-4.86802992921676,-2.28462443901249,5.50587087855072,0.129660519171247,0.812438177259239,46.705240297639,0.252444676715095,1.92389125529746,132.873314461779,-1.30006080944507,-0.573167776768485,1.23022091857,-0.00253165682342902,0.00947310022974362,4.2945191025214,-0.000611565685266951,-0.000313870009979254,0.000159791131140823,-0.000659470527683455,-0.000342253936965047,0.000172347629694265,0.0002040270524402,0.000659919189239495,12.3896303885283
-1.35744812010188,0.0463288359012944,0.0132374624033621,0.0559249478112559,0.059631707575711,-0.00179086508130858,0.0995063067091992,0.106160057758047,-0.00557772027570563,-0.558966909723287,0.0288290425039503,0.00550760300845088,-0.0457298936028831,-1.35800581237216,-0.0406039144282288,-0.0597211130201477,0.0559114811551226,-0.00123616702192247,-0.106329998509803,0.0994812513699805,-0.00229286770081645,-0.0286981608794362,-0.559097963673183,-0.0474469923096914,-2.41092202999501,-1.54465772713651,5.53711050820552,0.113788016719957,0.825524301596364,46.7564376114294,0.213317565267844,1.88310660653205,132.816872290683,-0.659356290043508,-0.398289006676935,0.624140944906344,-0.00257978883963465,0.0091711861167457,4.27613146974208,-0.000433039226915989,-0.000420826406481436,9.05578486627745e-05,-0.000283660083821437,-0.000471580890233432,6.20374051635628e-05,0.00022007095661289,0.000815119624022954,12.2532931798347
-1.35837709505186,0.045446527900505,0.0100241881600564,0.0598089803924636,0.0557759717957205,-0.00197976531279045,0.106397632050168,0.0992776445333644,-0.00674218688098649,-0.559269859031736,0.028321820844816,-0.00755574850266202,-0.0446448692895694,-1.35890407805575,-0.0308666511526558,-0.0559036349875658,0.0597778248016825,-0.00146994038290509,-0.0995064179098365,0.106342990243646,-0.00311231276002252,-0.028136574060067,-0.559400284590787,-0.0196924813186906,0.159898142772336,-0.546732668934474,5.53338555439424,0.074449589845787,0.785174468566527,46.8210493896003,0.136835516505693,1.75033279675614,132.75103662971,0.0188988241191956,-0.153088598035692,-0.0231751431730947,-0.00148861553700932,0.00707658970651985,4.25272891098756,-0.000340320053867133,-0.000524540946431531,8.73360752583591e-06,-7.01831438312386e-05,-0.000581976109069476,-5.56254525201224e-05,0.000402022912157536,0.000726930777247123,12.1013150996723
-1.35934856420768,0.0448103026094136,0.00618916734945601,0.0634030175339422,0.0517244148382773,-0.00186430289625057,0.112760853935837,0.0920511513973925,-0.00691228516832099,-0.559549720230955,0.0278879660206353,-0.023600847429886,-0.0437311499350903,-1.3598194304208,-0.0194156906306348,-0.0518916938752488,0.0633468610934063,-0.00158130522907743,-0.0923308970051092,0.112669566876991,-0.00358876776690745,-0.0276301726223696,-0.559672223605284,0.013537838671305,2.28948515201875,0.458915396509131,5.49082678305013,0.0176054577780732,0.713986009340688,46.898412860818,0.0363891590565785,1.57142782979724,132.668355122495,0.58271581006995,0.0978817965798575,-0.705731601614109,0.000509749527854934,0.00364396252579567,4.22370728377815,-0.000364328552855282,-0.000594182943788029,-8.72449058921752e-05,-5.93653708895397e-05,-0.000623058605348086,-0.000180294605484749,0.000690186917049591,0.000383390160203209,11.9329592009345
-1.36040106239683,0.0444543441175895,0.00145210296053742,0.0667086131993615,0.0475014259720294,-0.00158674978351422,0.11859441457881,0.0845242097983746,-0.00649646538582212,-0.559839812361345,0.0275513781000244,-0.0440552578047257,-0.0429351502331356,-1.36081796379702,-0.00786327555502142,-0.0477187002405652,0.0666165259163153,-0.00161268071612036,-0.0848630626281769,0.118455048026215,-0.00382692337578802,-0.0271825507036824,-0.55995372246121,0.048487665738513,3.76070846793275,1.32392230122685,5.40536991231757,-0.0503200991148728,0.627666275394124,46.9872817507029,-0.0743971577241279,1.37749108823707,132.55901616572,0.972216686169644,0.315530340336181,-1.41861615792089,0.00319854184953166,-0.000616351188859786,4.18849976071601,-0.000523917276203862,-0.000606250817997075,-0.000198848435307665,-0.000267254737906555,-0.000560579206075634,-0.000311532000959168,0.00106707330751871,-0.000200756476351639,11.7477213970432
-1.36159095989931,0.0443866316526902,-0.00443133229290437,0.0697318558532272,0.0431251755676978,-0.00125849380641788,0.123903647363298,0.0767302406883484,-0.00582713845764238,-0.560158254291977,0.0273213173663794,-0.069828345157947,-0.0422088321139126,-1.36192369629726,0.00305111956531742,-0.0434118038955198,0.069587619287435,-0.00160435273710359,-0.0771504471183434,0.12369840780035,-0.00393008056363169,-0.0267893765629252,-0.560255991215103,0.0829975263885012,4.58941591579249,1.99100899641497,5.27500948204834,-0.124376501939245,0.535216542185168,47.0865012927582,-0.185139624476798,1.1858183015006,132.413227193104,1.19083740670398,0.484008991018914,-2.15088295934024,0.00648462422273117,-0.00527893511817322,4.14656666146973,-0.000831759495187473,-0.000547240322802698,-0.000327134999546689,-0.00069685895346629,-0.000380047226039708,-0.000447743770544135,0.00156331107956555,-0.000990312593556278,11.5453090121815
-1.36299908747643,0.0445955388782591,-0.0116803851488547,0.072483728448618,0.038610897277402,-0.000950633373238594,0.128701075362204,0.0686984106109433,-0.00512274515833653,-0.560526263417937,0.0271968531257316,-0.101333127387858,-0.0415086819669436,-1.36314978776137,0.0133250814957977,-0.0389939490481711,0.0722639395428233,-0.0015886275643938,-0.0692325810446004,0.128403875149046,-0.0039797849900673,-0.0264410683261213,-0.560584863340751,0.116369751132565,4.91270337303031,2.46770248647703,5.09914174002219,-0.201736499923591,0.440554402829911,47.1949309537907,-0.289699412002175,1.00356395892813,132.221257556247,1.27505277678583,0.604380495474817,-2.88640775903396,0.0103895638698241,-0.0100677425921049,4.09739945897673,-0.00129873329387149,-0.000409461294021042,-0.000472828881062386,-0.00134619524235789,-7.86149926746858e-05,-0.000586315932768212,0.0022324084933668,-0.00194463720266975,11.3256548609336
-1.36471707483435,0.0450585704818477,-0.0206097116462621,0.0749788598043066,0.0339714953228594,-0.000697735948943543,0.133003769173714,0.0604546090742434,-0.00449284701068372,-0.560967519126061,0.0271705569097124,-0.138858348202806,-0.0407939661813458,-1.36450444842438,0.0233818086922726,-0.0344846371358854,0.0746510810225808,-0.0015873915892039,-0.0611426573328531,0.13257874007169,-0.00402563977830762,-0.0261243418881543,-0.560944308945407,0.148751032004516,4.90115729318218,2.79666753288722,4.87752831041136,-0.28145526379195,0.344478633791026,47.3111174433501,-0.385531760845251,0.831899828917839,131.972631554196,1.27061861651224,0.687166377072603,-3.6061811501898,0.0150095615588701,-0.0148530374598102,4.04054013943862,-0.00193641590906397,-0.000186220262563578,-0.000636426913103226,-0.0022126840411744,0.000343624422704457,-0.000723948386647593,0.00312866360954761,-0.00302825771378242,11.0889630123273
-1.36683912352024,0.0457481542528006,-0.0316884897870208,0.0772342387307302,0.0292176180202023,-0.000506677234532236,0.136830814861777,0.0520215991482013,-0.00396214542154917,-0.561506418228645,0.0272312843026803,-0.182776277948865,-0.0400292576498695,-1.36599113354034,0.0337551459229742,-0.0299005111625523,0.0767553444387672,-0.0016119591041086,-0.0529089040994406,0.136231390047432,-0.00408277115059502,-0.0258245900064678,-0.561336625483198,0.180475722580521,4.70423510514226,3.02971103649006,4.61018564179741,-0.363806290856182,0.246398258592771,47.4330195173291,-0.47230175463797,0.669527747874127,131.655430722101,1.21777854339632,0.745660822976063,-4.28855395135617,0.0204790238675892,-0.019605681859298,3.97560876873574,-0.00275816241134309,0.000131120312613401,-0.000818198902249166,-0.00329489886692817,0.000888666410043576,-0.000856743773048879,0.00429716618491712,-0.00421318598016969,10.8357638569681
-1.36945742933143,0.0466337264839829,-0.0454979057749266,0.0792681048547402,0.0243576802641302,-0.000365890595938094,0.140201360592161,0.0434192059031255,-0.00349861117410209,-0.562166911770402,0.0273660521395889,-0.233466632977466,-0.039190576215506,-1.36760722934824,0.0448497913781261,-0.0252556616329169,0.0785829362893855,-0.0016644186999399,-0.0445555101354357,0.139369951331899,-0.00413494210266935,-0.0255289599731255,-0.561762170642038,0.211582224200502,4.42478029627343,3.20871141691114,4.29783728683178,-0.449501514562545,0.14563983432237,47.5578376393921,-0.550372236519859,0.515199314287067,131.255922880783,1.14434409935387,0.790940507579272,-4.90843453167242,0.0269414143370012,-0.0243356244335199,3.90233371048475,-0.00377910307299458,0.000554018927857846,-0.00101813016168975,-0.00459239921901548,0.00156185816458439,-0.000980155247196638,0.00577191456554678,-0.00547478594008932,10.5669622967988
-1.37265602958171,0.0476809070773362,-0.062610003105504,0.0810987464637225,0.019397934567272,-0.000252907740856531,0.143132876232433,0.0346646417110119,-0.00303830349966038,-0.562970982209705,0.0275611368765076,-0.29103490611767,-0.0382728026818207,-1.36934260010312,0.0567911876753456,-0.0205615317045226,0.0801393304754348,-0.00173895579925342,-0.0361028964997189,0.142001367586861,-0.00413897111352171,-0.0252295566960577,-0.562219060438666,0.241551062517949,4.11398539403334,3.35432266895972,3.94229547007483,-0.538945023668028,0.0423216364073474,47.681897399003,-0.619459229545885,0.369258935566168,130.758405217014,1.06429391418221,0.82887236428658,-5.43711562525429,0.0345214334202503,-0.0290350901547522,3.8205810588796,-0.00501516447857883,0.00109619220991648,-0.0012358764973701,-0.00610395751609165,0.00237068293436845,-0.00108899451759008,0.00757565261063669,-0.00678494361619967,10.2838690540626
-1.37649977878125,0.0488486203085422,-0.0834165741029576,0.0827427555332946,0.0143426766207998,-0.000139380033269009,0.145639038270005,0.0257730001785682,-0.00250357245743447,-0.563935941340332,0.0278024853819293,-0.354935081267493,-0.0372967311704905,-1.37117859698143,0.0693481218502312,-0.0158264361231618,0.0814286029034703,-0.00182147741676472,-0.0275673421275803,0.144130653064147,-0.00402572758647641,-0.0249263738061686,-0.562702916102468,0.269229347444364,3.77819531133423,3.46090038736505,3.54647169067556,-0.63158759000141,-0.062112922005177,47.800536114189,-0.677582525319033,0.234429031518584,130.145136781366,0.979562294713594,0.858762552253247,-5.84338106781464,0.0432933012680439,-0.0336379864889258,3.73037936743521,-0.00648113400755188,0.00177221765046834,-0.00147076687652736,-0.00782434964434688,0.00332225382539872,-0.00117760476380129,0.00971727876587537,-0.00810578533017502,9.98820498471002
-1.38101691657206,0.05008464372785,-0.107920504281916,0.0842122444938796,0.00919478507715623,6.01058804615266e-06,0.147726689840921,0.0167580885512468,-0.00181518709220112,-0.565070125266483,0.0280754825236014,-0.423570072529104,-0.0363151944784117,-1.37308814450057,0.0819077134822767,-0.01105481374973,0.0824525704867255,-0.0018866345050981,-0.0189601064021406,0.145760101825488,-0.00369542655859719,-0.0246298038439062,-0.563206825000161,0.292890753498717,3.39067598042885,3.49447419430368,3.11398547121363,-0.7253853145912,-0.16453201318927,47.9079751240122,-0.720313740609279,0.116186617987739,129.396328260903,0.883147660299496,0.872825382309226,-6.09568114087082,0.0532424910589176,-0.0379989997128013,3.63193345259097,-0.00818776243773356,0.002595624001485,-0.00172185461517762,-0.00973986187049543,0.00442017123699902,-0.00124019422218636,0.0121854440749748,-0.00938578578487221,9.68206535089644
-1.38617450559864,0.0513199884725657,-0.135490172276168,0.0855105444810235,0.00395695564521685,0.000215328187368213,0.149391472797263,0.0076339502576562,-0.000901963143599991,-0.566366791710424,0.0283641475882288,-0.493907990291425,-0.0354180843762851,-1.37503817779521,0.0934964467654713,-0.00624640541330729,0.0832096555744013,-0.00189249405357045,-0.0102862562829486,0.146888379980171,-0.00300850930062708,-0.0243626605499647,-0.563721875670365,0.310403070755623,2.90410704707799,3.39058325186545,2.64849027966157,-0.816322461012213,-0.259736546511236,47.9971903316595,-0.740243561237997,0.0230841791767927,128.490244395401,0.762374039218155,0.855614453710928,-6.16468498527021,0.0642200713846553,-0.0418911994115733,3.52561851371497,-0.0101378654071636,0.00357653782115077,-0.00198798721935445,-0.0118226566277095,0.00566095097441442,-0.00127123105053384,0.0149387251090523,-0.0105589496184363,9.36782971396432
-1.39184693122494,0.0524631693494127,-0.164584107596441,0.086625995532999,-0.00136586368582797,0.000517957069176857,0.150611993306152,-0.0015824552231713,0.00028739250376595,-0.567796281938983,0.0286500013970887,-0.561152217331913,-0.0347355907138273,-1.37699701450389,0.102857237223926,-0.00139561119982138,0.0836935909990719,-0.00177455343982321,-0.00154345021393222,0.147509706778618,-0.00177749345477612,-0.0241615173416634,-0.56423893704172,0.319499166049424,2.26244764906513,3.05023386448836,2.15302698004973,-0.897959394163527,-0.339932663574402,48.059819215281,-0.726588835977824,-0.032750013627073,127.403546468836,0.601920109362362,0.782907270184173,-6.02505584546426,0.0758904756865647,-0.0450201869301418,3.41194469909975,-0.0123213468595052,0.00471882559130141,-0.00226782659397705,-0.0140241458647819,0.00703002890697292,-0.00126569710684934,0.0178935972931322,-0.011547278822584,9.04800699575146
-1.39778046047476,0.0533972313044445,-0.19247984406115,0.0875237245133126,-0.00676231077547268,0.00093426950488262,0.151342912550795,-0.0108670713490668,0.00176649600735432,-0.569297210558358,0.0289112585771125,-0.618538376437418,-0.0344374955221158,-1.37895092208515,0.108600031145996,0.00350865863809735,0.0838924137965087,-0.00144239622432621,0.00727902245600521,0.147613754595612,0.000230843079285034,-0.0240768100832915,-0.564752749902668,0.318148373158286,1.4131362723906,2.33479099595468,1.63001348412401,-0.9610172913316,-0.394035042883275,48.0861779931682,-0.664938464241793,-0.0349096530774467,126.112085789763,0.386869599105309,0.620184410631827,-5.65476565657446,0.0876767827767545,-0.047054289080488,3.29148475380654,-0.0147091120630377,0.00601664502173852,-0.00255970724687711,-0.016267669704042,0.00849734165900479,-0.00121889964328656,0.0209120189525195,-0.0122666984612888,8.72501774328336
-1.4035638052697,0.0539856165046173,-0.215080198075713,0.0881359996031234,-0.0122085186539615,0.00146573180689871,0.151508381044103,-0.0201833527672523,0.00348730062565388,-0.570769090456406,0.0291237363124787,-0.657379323805174,-0.0347236784312954,-1.38093486852607,0.109438253931599,0.00848225771124721,0.0837886229952834,-0.0007836585704756,0.0162005775869648,0.147187348705902,0.00327110138929406,-0.0241705303546494,-0.565269594853485,0.305002492245569,0.321686521606659,1.06381120293984,1.08278052951782,-0.993110058513253,-0.406943742001159,48.0655156007342,-0.53727957437454,0.0379366386287935,124.592450133876,0.106367865859433,0.321681850853884,-5.02998431425869,0.0987137059783855,-0.0476715196039631,3.16476663489705,-0.0172461120458486,0.007450369420014,-0.00286119169465571,-0.0184412543091944,0.0100125997333356,-0.001125508351773,0.0237913339343825,-0.0126364887305754,8.40094025785862
-1.40862773641102,0.0540966302302278,-0.226910453569316,0.0883531089392894,-0.0176608551114888,0.00208280606847679,0.150998959622777,-0.0294774018578145,0.00531539119880342,-0.572071789273816,0.0292657689132029,-0.667512766445932,-0.0357975674937256,-1.38307913716014,0.104508629083416,0.013543697501545,0.0833616808234125,0.000319490890134749,0.0252485232328717,0.146219159719418,0.00756161102659152,-0.0245095338256722,-0.565819059714382,0.27986160264682,-1.00993095743151,-0.977197078726329,0.519572295017995,-0.978856804656929,-0.359126055824613,47.9866781121553,-0.322604444117039,0.212086532576724,122.824568677773,-0.241659815942974,-0.168194672363215,-4.11424165692404,0.107827101250766,-0.0466229715330108,3.03215209325279,-0.0198444262783468,0.00898202997498703,-0.00316821667331002,-0.0203921572224628,0.0115006498585025,-0.000977643918095101,0.026260508775003,-0.0125917410869379,8.07728509522465
-1.41231511827268,0.0536565327272057,-0.221447894042589,0.0880188762856997,-0.0230500614309586,0.00271474193122849,0.149677502239693,-0.038677695983754,0.00701675934631642,-0.573041299685852,0.0293297086193483,-0.638302084390203,-0.0378129097333565,-1.38566157700991,0.0937535233620023,0.0187098769852517,0.0825937458922386,0.00195746492576194,0.0344552544278763,0.144707681932744,0.0131886489285346,-0.0251520901862594,-0.566467610669932,0.244094898851064,-2.5224777544553,-4.01054268117216,-0.0398497104708087,-0.900698819969525,-0.227008403376022,47.8393178121354,0.00151097900454099,0.517455238328465,120.795375974742,-0.6449513865588,-0.90882475581919,-2.84316825349246,0.11356753636759,-0.0438082531781627,2.89375098551395,-0.0223784260557184,0.0105508875982826,-0.00347389755722638,-0.0219262205346757,0.0128579270194493,-0.000762358938617596,0.02798801513694,-0.0120975286600942,7.75490604047967
-1.41407686866903,0.0527303643999881,-0.191921303126607,0.0869375327080053,-0.0282817230105828,0.00324790625824627,0.147401536876775,-0.0477059162871985,0.00827296378913211,-0.573534496000256,0.029340594729788,-0.560277109283501,-0.0407921388112886,-1.38913233519508,0.0783239437333261,0.0239884286754444,0.0814779782078052,0.00414419883640341,0.0438522706010512,0.142670083066788,0.0199809695087937,-0.0261269017019589,-0.567326041465904,0.200970967788667,-4.08202857884699,-8.21454136964599,-0.556839698969259,-0.740721594013966,0.0152233509852442,47.615517581461,0.456037867600997,0.983982922958388,118.50264064934,-1.07188630253652,-1.95068945640102,-1.11115046347261,0.114329178680137,-0.0393522850232228,2.74944997249785,-0.0246854644808034,0.0120706456833601,-0.00376743054834368,-0.0228162059748202,0.013952028226333,-0.00045976719144842,0.0286069927863891,-0.0111628141507164,7.43418103350132
-1.41383552090454,0.0515989004963362,-0.132646431345778,0.0849001753276411,-0.0332494775560471,0.00354025344869753,0.144069197708168,-0.0565056988120911,0.00874052878766169,-0.573512905518581,0.0293760664547892,-0.427341977616836,-0.0445422446871241,-1.39405256576859,0.0609282492688469,0.0293653682828312,0.0800255308520178,0.00675852407541925,0.0534602382456694,0.140144804546574,0.0273801645104168,-0.027409932328815,-0.56853622943725,0.155878468074273,-5.4763071247257,-13.6447532613427,-0.970182878103727,-0.483590633064519,0.391882299651338,47.3111094116308,1.05626880858982,1.6351506107215,115.956540300149,-1.46958877322001,-3.3154127846361,1.22843369579933,0.108575219986845,-0.0336660807513798,2.59913867958398,-0.0265763986889017,0.0134309815398691,-0.0040339978555225,-0.0228230230303278,0.0146275494178474,-4.39516018961601e-05,0.0277611080190251,-0.00985204597182038,7.11556040035559
-1.41248253229602,0.0507520275503311,-0.0407754612070703,0.0817363555638146,-0.037865042465579,0.00345751009351225,0.139689242299559,-0.0650905929595983,0.00816107409234311,-0.573159879414406,0.0295700950514173,-0.23918485770242,-0.0486443321687828,-1.40089033531519,0.0459984672317094,0.0347882083169684,0.0782632043345791,0.00949014011539396,0.0632769511452716,0.13717588346956,0.0343489538729904,-0.028916211720251,-0.570221926343544,0.116412451798942,-6.43704137505067,-20.1359153177287,-1.20132741126674,-0.120421374446209,0.919791953324255,46.9251936435222,1.80644382222117,2.4784105835024,113.175130722324,-1.76833518430183,-4.97014496458164,4.33836486153998,0.095157057293453,-0.0274702398079839,2.44316076253175,-0.0278589534616647,0.0145066384425838,-0.00425670779506847,-0.0217302287401508,0.0147213235621113,0.000511546284748361,0.0251678653352349,-0.00829303765640363,6.80043767787446
-1.4123256840923,0.0506855572935597,0.081971643232343,0.0773861875801921,-0.0421000882121157,0.00292999323518821,0.134461028219224,-0.0735986336266216,0.00650908157219725,-0.572993592893714,0.0300724359241266,-0.00314736087317189,-0.0526396065189566,-1.40969263438118,0.0394927347025474,0.0401491062040374,0.0762118349088775,0.0118118194121143,0.0732711080631573,0.133767035244276,0.0393718280341096,-0.0305361863527363,-0.5724054738686,0.092244070990072,-6.69773882286814,-27.2023233514281,-1.16930430689431,0.346768324280659,1.60010422114703,46.4560526930695,2.69347171325967,3.49295852176572,110.170339386539,-1.89489052163923,-6.80049966026243,8.35124477505608,0.073655200152299,-0.0217648880743861,2.2828840783788,-0.0283717891808653,0.015175806588782,-0.00442073752478744,-0.0193843090479542,0.0140874571314755,0.00122463604948893,0.0206848351247609,-0.00668117825855753,6.49205973091049
-1.41714253758923,0.0514366673201913,0.228316867840824,0.0719717247605585,-0.0460206155058584,0.00201867525740102,0.128831893034871,-0.0823232608039262,0.00413935745429893,-0.573901974743623,0.0309410455425375,0.265397392251563,-0.0565060628603427,-1.41982732736709,0.04816535419399,0.0452796893350025,0.0738414971285175,0.013004488956936,0.0833982287449673,0.129806311468155,0.0406055062624225,-0.0322434119770144,-0.574935588124729,0.09461507829153,-6.08789389015126,-33.965623608537,-0.806663125025714,0.900280220667025,2.40860408279812,45.8929186934014,3.67979842345607,4.61625783282985,106.925940584288,-1.79549733768642,-8.58927124914601,13.3301124138717,0.0446122139375504,-0.0177510731999948,2.12112572530065,-0.0280187043506245,0.0153451431239147,-0.00451791546632737,-0.0157236158063674,0.0126268529357628,0.00209744079447652,0.0143536311635097,-0.00528245650135589,6.19598919419271
-1.43147916933337,0.0519801321160744,0.385860057210071,0.0658325251380857,-0.0497850632182423,0.000968658809486335,0.123489559726951,-0.091684246431365,0.00187542257586597,-0.577016360921495,0.0319837737236542,0.54475441023443,-0.0613345692856497,-1.43018935510439,0.0782789207057981,0.049975387955873,0.0710181023324412,0.0122637180447914,0.0936610553187083,0.124991504022741,0.0362294488875712,-0.0342620709739749,-0.577526254200135,0.13523551347268,-4.65214059496322,-39.1538740727819,-0.0634504102596018,1.50198629297805,3.28644786355348,45.2068406191517,4.69596806757745,5.73261497191405,103.379115788837,-1.46630347007789,-10.0122914112568,19.2747688895407,0.00953106839527291,-0.016741418926165,1.96212335041741,-0.0267859913726417,0.0149734136861063,-0.00454869491171537,-0.0107752299482921,0.0103103756546897,0.00311758154227683,0.00639800020955854,-0.00443995560828144,5.91969248457382
-1.45908474896178,0.0498934589312492,0.539039786324819,0.059491427807619,-0.0535878231273479,0.000219518806376709,0.119254667254014,-0.102124624190093,0.000966739692235666,-0.583386929297363,0.032637970471723,0.810303781695255,-0.0697804851610676,-1.44025161764201,0.133956125266304,0.0540658365038777,0.0674813244471289,0.00890900769039653,0.104231566102564,0.11881953495149,0.0250128232172335,-0.0372059987467345,-0.580016842320052,0.224259333597078,-2.76583454352898,-41.2337706294503,1.09878814502986,2.09034214631338,4.13559370622364,44.3493553610092,5.63601650354974,6.67038003216359,99.4283885540092,-0.984914734185004,-10.6679784489125,26.1704225325077,-0.0293816088850268,-0.0201092412609737,1.81093310406911,-0.0247297037518913,0.014083596157141,-0.00452082416284502,-0.00460983696892317,0.00718435463666872,0.00426642210136753,-0.00282594601644229,-0.00458524969504152,5.67126131803865
-1.5007945827928,0.041885680709326,0.67181630503356,0.0535327565739187,-0.0575617842884519,0.000338730425524923,0.116852410481084,-0.113963019660063,0.00284679892182391,-0.593513043441413,0.03204042238691,1.03817479372611,-0.0855909743658887,-1.45176827831354,0.215490956435137,0.0575285645515227,0.0629012207374256,0.00268217913658679,0.115617015165607,0.110701526592503,0.00701049706175044,-0.042024945462447,-0.582840249727687,0.366865405251042,-1.19273835775517,-38.7325990382301,2.69276741291428,2.58344941652923,4.82564253341481,43.269896770202,6.36255345255088,7.21728067633215,94.989583512987,-0.530209582902733,-10.1567235421346,33.9876965194559,-0.0695873055313629,-0.0292727667565235,1.67247047862817,-0.0219360265725004,0.0127566667949388,-0.00445026930670548,0.00273115038152217,0.00335284990081163,0.005517800771483,-0.0128979635091755,-0.00624149118606332,5.45782596476588
-1.55248720256174,0.0255775723157301,0.769661803645429,0.0483960801933358,-0.0616801481163788,0.00186383932514195,0.116547771029898,-0.127249877143172,0.00868638679581276,-0.606875288559808,0.0294155338434064,1.20756439220387,-0.111648387023966,-1.46975996480768,0.317839135819555,0.0605921293752804,0.0570197226654115,-0.00596075174682082,0.12876189814977,0.100192457102983,-0.0158920066664431,-0.0496008629496486,-0.587410069563849,0.55821225257606,-1.00975350009615,-30.7249331214195,4.64044418068909,2.89265136689907,5.21754500613334,41.9534464397956,6.72753535772227,7.15994247737928,90.0907768277851,-0.371314782483508,-8.20625921208189,42.5152657979569,-0.108465335282881,-0.0456025769523864,1.55058510819418,-0.0184777232957856,0.0111071496137008,-0.00437277402562695,0.0112977013802759,-0.00105995010100749,0.00680903583603359,-0.0233741393231271,-0.0099838009617577,5.28435255519864
-1.60466639575724,0.00219046767786423,0.820123950981264,0.0441423241436285,-0.0657225579117147,0.00509173440101284,0.117711971875815,-0.141707391769946,0.0188700814939649,-0.622003242471888,0.0247567180272165,1.30158214736714,-0.146814644006803,-1.50127560972862,0.429350893418769,0.0637394942786893,0.0498384888605131,-0.0157262913513624,0.144921568958255,0.0872740912216549,-0.0399623746095959,-0.0600230851726022,-0.596206746864926,0.777714958135684,-3.36115219188129,-17.3055614464785,6.6941926393893,2.94464990890345,5.20001097771904,40.4570210883196,6.60447891924396,6.3379451037537,84.9429182700172,-0.814108714771072,-4.79773155211068,51.0833655038506,-0.143221351996856,-0.0700441488467674,1.44733047152556,-0.0143983752330045,0.00924966873935924,-0.00436196961223339,0.0212312174318965,-0.00594971847207234,0.00800057481164117,-0.0337611471598111,-0.0163142695445163,5.15292321136937
-1.65040147905669,-0.0216028342859845,0.816423088670128,0.0404584913718588,-0.0696292342083773,0.00985826579137907,0.118922301377315,-0.157370354664152,0.0325667371995679,-0.639258601236971,0.0194727417679443,1.31450735937896,-0.183874879833569,-1.55572612362726,0.532889965553825,0.0677838774049364,0.0419269926904094,-0.0246810505670272,0.165706187232597,0.0728207957345542,-0.0603950777640854,-0.0721388255680757,-0.61391652736366,0.988661881281699,-9.14393483560944,0.202916803593676,8.48267619635699,2.70104188858242,4.71911710959377,38.9072221720802,5.91798873816945,4.6805365006632,79.9012469563198,-2.13244023168864,-0.218041046610256,58.5746570884997,-0.170585718859171,-0.102313342378227,1.3623004490217,-0.00973585698397691,0.00727091153005954,-0.00452434521372088,0.0326777087348985,-0.0112502279793281,0.00889457587261007,-0.0434940011100819,-0.0254635315393561,5.0619344747599
-1.69640257318683,-0.0370170106377835,0.768527676430112,0.0370078558051473,-0.0742890479845292,0.0153868370750681,0.118891204045955,-0.175882062598675,0.0475826322441157,-0.662528411845804,0.0156582892467329,1.26975027939606,-0.213058350756332,-1.6430895153985,0.614212481957303,0.0741332297763688,0.0344540768449826,-0.0308331461362867,0.193487431454253,0.0584188304880159,-0.0727586376700326,-0.0843831868184172,-0.646019759489226,1.15140917038195,-18.8920110613927,19.5997646924262,9.76309983008672,2.15497949635021,3.76429420328486,37.4451219721281,4.64340153325513,2.16799851082183,75.3126065448751,-4.57430889667633,5.07953549382022,64.1030828186315,-0.187966023696811,-0.14060825387974,1.29302523580894,-0.00449956588070486,0.00518821424191243,-0.00494475567077672,0.0458067793433816,-0.0169960680252668,0.00936442603938137,-0.0524088989958952,-0.037470950875918,5.00640522449877
-1.74425806334167,-0.0384505818149444,0.689739285373156,0.0327536798355907,-0.0801453700201523,0.0201820317535586,0.114997688139395,-0.197704733292452,0.0601697445528358,-0.690671701168991,0.0146490235492619,1.20341096422203,-0.225950318976518,-1.75081844282023,0.657591979091267,0.0829457638755177,0.0278201020220318,-0.032497346249153,0.227571363547584,0.044257067679494,-0.0736990106265173,-0.0942766456813733,-0.689251266167224,1.22035196327884,-32.4150566962307,37.7276040430744,10.767878447183,1.33477733665934,2.36433810198611,36.1284842632474,2.84629280857243,-1.16523283192468,71.2924983479267,-8.24740831115813,10.374235948309,68.3510140659863,-0.193426667375966,-0.179852321364954,1.2335844685621,0.00115621757303977,0.00298595980727217,-0.00556732319591804,0.0602887839059213,-0.0231998207002398,0.00959157275587128,-0.0599889680305128,-0.0513410183391834,4.97469908927141
-1.79493808496833,-0.0305319564592598,0.599494635284122,0.0269197878341745,-0.0873575689074803,0.0220566990616602,0.105557333216417,-0.222485526989033,0.0651932718326963,-0.722238929228608,0.01541494584306,1.16372071343684,-0.223555410246932,-1.85639829865399,0.656957073512534,0.0933078006783769,0.0217033487051224,-0.0287478369262094,0.264915917423646,0.0292153394547108,-0.0616913121226667,-0.100802102781045,-0.737059635364063,1.18049570523028,-48.5879387725979,51.1038862678475,12.3911208122853,0.311314789308043,0.564361368178456,34.8672194318605,0.74182650569742,-5.24543958621702,67.6133102941563,-13.0245325878364,14.6888536544867,74.6124699886794,-0.188585311505177,-0.211983098860433,1.17701145232948,0.00691595335290906,0.000549077968935143,-0.00612321145502942,0.0752116566409624,-0.0300275829131007,0.0101838392494021,-0.0662931658236334,-0.0650403850624323,4.95218341477956
-1.84461544087552,-0.0272634249841509,0.51532219547512,0.0196157361655105,-0.0955590297398868,0.0183675829654136,0.0910341149833737,-0.248460333844118,0.056661960322901,-0.755184475399281,0.0143407466946066,1.17784707790056,-0.218099904343946,-1.94632109571938,0.624232491333722,0.1039369999674,0.015069434866524,-0.0199901465433687,0.302222926853337,0.0107531378555823,-0.0379940389053736,-0.105805014849124,-0.784768748253172,1.07644637682078,-65.0389091944177,56.5436569578187,15.7356699528147,-0.782854425169555,-1.56513421868918,33.4552871610312,-1.26290499896341,-9.91512374346169,63.8144109096795,-18.4123839710105,16.9247732869481,87.5275669750629,-0.180040925638128,-0.22960966062764,1.11864460017345,0.0123468560975954,-0.00237546893162246,-0.00626745364214279,0.0893019404954039,-0.0379647061132711,0.0118430615729378,-0.072496721061111,-0.0765313208116271,4.92926413628869
-1.87929291270462,-0.0398113306692054,0.438500232589184,0.0117244151927209,-0.103298525899273,0.00673620257233377,0.0730699174317555,-0.271039384051186,0.0291604206341772,-0.784401393797812,0.00830044156649984,1.19878557601977,-0.22352074445257,-2.02722550571267,0.583647038619469,0.114114584041333,0.00646948979129281,-0.00824509652905365,0.338154804101976,-0.0144184941707367,-0.00712677754273125,-0.112502410822679,-0.832736361869985,0.9940268855306,-78.1987287027846,52.4101937603235,21.1568232455155,-1.76356097844674,-3.89687224067104,31.6901946151171,-2.65991527843061,-14.8543358770569,59.4775063282783,-23.4586749426158,16.2344924602847,109.326399787295,-0.176489561370532,-0.232112689406082,1.05834348353058,0.0171193155061889,-0.00609315869482271,-0.00592452160359043,0.101652053114576,-0.0476654779481353,0.0146292173636768,-0.08019574135584,-0.085608046125055,4.90814931468804
-1.87792724834543,-0.0633942868719189,0.349739784128263,0.00414647587982683,-0.107566189189348,-0.0137638586745536,0.0522006552547373,-0.281803917043412,-0.019732443306391,-0.80110026361591,-0.000853511755339126,1.09186683568635,-0.242546724231269,-2.11649283088618,0.551205945591549,0.123951182520649,-0.00525342545080546,0.00351192064920253,0.373069283739082,-0.0484431745243704,0.024285376919684,-0.121861278362128,-0.884210832613672,0.987435764325958,-84.1655992459938,39.7736853280232,27.7515321119489,-2.46054576408351,-6.2348251926241,29.5085271069925,-3.07908343807495,-19.559705841482,54.5061240008363,-26.8484118978583,12.5007648706935,136.843334132678,-0.180668761892252,-0.227820729764911,0.998632596164782,0.0212859580713886,-0.0106265161909293,-0.00549534626247746,0.112414648808762,-0.0591145940041807,0.0175688303987867,-0.0890619005940795,-0.0946875302549732,4.89706556056599
-1.82545150952416,-0.0779223344751006,0.229513603942859,-0.00277935886004072,-0.104223892109291,-0.0414214172023044,0.0275144159777973,-0.270335510047141,-0.0865965351898871,-0.797145737040718,-0.00520817184735292,0.734425722579466,-0.26227364678937,-2.21991609477162,0.517144220156789,0.133435743894293,-0.0200772512405638,0.0127586763751785,0.405604887983761,-0.0899247433146268,0.0500082487258741,-0.129783072118967,-0.938701574361784,1.02238817616405,-79.8618287398103,22.2009103797452,33.9712678056792,-2.79149317980227,-8.34344494124497,27.0632794453283,-2.48145884542343,-23.4394421672408,49.2719418137211,-27.1964474349921,6.53710259076085,163.038396501475,-0.182800842538363,-0.227133736779742,0.9402245781745,0.02527661766777,-0.0152931345213089,-0.00548391171027667,0.122517936078709,-0.0705359822258751,0.0195133014688021,-0.0946621272019116,-0.106659371974857,4.89538334840705
-1.72719225402041,-0.0635413946673832,0.0891418026261131,-0.00891158277802836,-0.0900840463429439,-0.0717829487284081,-4.27655619734881e-05,-0.230224208071091,-0.161028919810655,-0.773378977512367,0.00358499631834188,0.180444753192328,-0.260805619692222,-2.31561977787953,0.44925115597463,0.140950413620885,-0.0362791214812623,0.018385786922659,0.429060432339065,-0.132694147895924,0.0661792101953075,-0.128217038740764,-0.986403776923408,1.0122307798605,-64.273330638932,4.18157651348171,38.9055530539462,-2.78940995030908,-10.0683914762148,24.7248609322197,-1.12609150175505,-26.1490453031197,44.6116427993037,-23.6510672742438,-0.228309861483484,183.467842865648,-0.166003075555874,-0.232629524017285,0.881703233061591,0.0295438681759976,-0.0189002074580436,-0.00567198743257024,0.13270388113698,-0.0789392902715097,0.0209581142358939,-0.0904068252219638,-0.121604233591898,4.89636363095298
-1.59963777130478,-0.0150632024640509,-0.0327595349746298,-0.0134714468090737,-0.0643940878541097,-0.0993699333810372,-0.025324271708409,-0.162204642214704,-0.228914242381229,-0.739516539176699,0.0268330902488017,-0.351584332219833,-0.22040581801373,-2.35266204330677,0.308700820870588,0.142227982761869,-0.0504950270108307,0.0201754519683053,0.429740164684092,-0.166191322258749,0.0707490281152106,-0.110683118315433,-1.00818474128144,0.882267626080262,-39.8256569269719,-11.1040457039926,42.8771932775523,-2.56972205520331,-11.5551089456069,22.9132674546127,0.659052027048288,-28.1387549902377,41.46320849808,-16.7178496051653,-6.62472668300486,202.119413345029,-0.122194542221036,-0.237398425827918,0.823164714072071,0.0341903692776772,-0.0208773801057843,-0.00492971222541878,0.142996295209754,-0.0830021643538869,0.0244192881389103,-0.0736325840985407,-0.136685321748263,4.90722777431795
-1.45024261912672,0.0609382276636162,-0.107057639352496,-0.014904865581084,-0.027659318416692,-0.119598688148446,-0.0416747153924624,-0.0698133760614162,-0.277429321628226,-0.705973847689457,0.0598452027741819,-0.705029121400162,-0.140105818745457,-2.28104840238392,0.0737221493237197,0.131849029806532,-0.0579541542935686,0.0173932512704665,0.392070388869111,-0.1770339961404,0.0612940864519988,-0.0785238352788261,-0.987948217962697,0.578306920652874,-12.2957174184541,-22.6855729391817,45.8269038135147,-2.32181392466038,-13.2882125867474,21.7047886757304,2.45526674484833,-30.6519866370284,39.9594339800063,-8.34091366445776,-12.2821334691728,225.549649813217,-0.0597053665595509,-0.229514109067759,0.76469754792455,0.0386842469944294,-0.0218696289621233,-0.00231059361957507,0.152043040076054,-0.0842799354966514,0.0318268348725644,-0.0480858033677263,-0.148236512051081,4.93841578755635
-1.28405195829706,0.146583443704962,-0.113621234675882,-0.0112593477230638,0.0161124857148411,-0.126009495996646,-0.041684576659241,0.0354986490225611,-0.290077288999359,-0.678087780808815,0.092716258298559,-0.795898882008939,-0.0372118143829176,-2.09538352119547,-0.221488642423908,0.108448728652071,-0.0536530765005072,0.00914242574521355,0.313731955246953,-0.154181001356001,0.0369180061470659,-0.0417068079335467,-0.925431307808573,0.117791069528952,13.7351484936161,-30.0751524054794,45.7232185312132,-2.35534785260198,-15.6707482138278,20.7401913636144,3.41568200430697,-34.5798790820936,39.1653379151119,0.096037638408311,-17.0436039054447,250.801726622566,0.00476088557491432,-0.196779893980345,0.706844226786325,0.0419378921147775,-0.022873099853869,0.00207120774608149,0.157113071254916,-0.0849189906476397,0.0425408842257105,-0.0197492114161459,-0.153103794829719,4.98890554667337
-1.10883387146441,0.215628036027812,-0.0418316596790055,-0.000452655198291546,0.0585696976059512,-0.111634423727172,-0.0175699498263358,0.132744083715236,-0.250639807534529,-0.656952003760105,0.110128007698535,-0.535662820827906,0.0624307270192613,-1.85523622986844,-0.498958308886569,0.0764322734330957,-0.0348819071601008,-0.00293554453683353,0.21021663221231,-0.0954073388817818,0.00391758143434088,-0.0129909697006685,-0.840726190700883,-0.406691999734898,32.6941400794241,-31.7310823763656,40.5186264317555,-3.09136207559696,-18.6825173622724,19.0317136884784,2.26199504248364,-39.7343108022023,36.713685100827,6.96941900936559,-19.9253515557267,265.038527832845,0.04984420995195,-0.136947191004901,0.653024803244479,0.0429346841997108,-0.024356224472394,0.00675034741939198,0.155716065889146,-0.0857874697292617,0.0529360275161505,0.00473670317828541,-0.148957553127553,5.04470456519481
-0.978349068028936,0.271353505949262,0.0843865594473007,0.0152296960233358,0.0902918592867627,-0.0782835435713597,0.024568868237564,0.201113268534068,-0.164775532049175,-0.656183452043941,0.110146679165385,0.0255204166422957,0.156363616669365,-1.69633361040279,-0.693992652790325,0.0486438221559465,-0.00655016691255056,-0.0120751317354157,0.120439599813013,-0.018208351827886,-0.0194245390123763,0.00428347269106208,-0.788646503099438,-0.847578844839602,41.9733686031234,-27.9295923738067,31.2961846339899,-4.53466184935404,-21.6671432977065,15.5180909833124,-1.19911106289622,-44.6396478220504,30.2462663187941,11.2488202604085,-20.4571256334059,255.047716824945,0.059928833673643,-0.0596518914038648,0.611702019879853,0.0420047363357374,-0.025920646571215,0.0098695674305974,0.149028910033568,-0.0861658728762097,0.0589744834489181,0.0198086831321589,-0.137851990587055,5.0932807856873
-0.959473065358546,0.345829889228407,0.235961222791318,0.0296381034765753,0.108180862836398,-0.0364688415886301,0.0660169171204493,0.235857978324919,-0.0586355365743536,-0.685651304176399,0.106526879618306,0.687508356248698,0.259220789676955,-1.68791304758743,-0.826884482004387,0.0327522943917322,0.0220884510382809,-0.0115361146706143,0.0662549657200377,0.0537787818078039,-0.0172364665942188,0.018067771073945,-0.791755840785493,-1.14813311687472,44.890800548324,-22.3435692763494,20.8687260941538,-6.09644135666564,-23.7865490321888,10.0121798855362,-5.51993545304604,-47.6930277748687,19.5014807789582,13.6612529556388,-19.4331890235893,216.567831901558,0.0330514807977872,0.0174679309619695,0.591675339323769,0.0405921577289042,-0.0265992928518195,0.010924404838257,0.14112511259177,-0.0844064857895967,0.0601465083205276,0.0235149448877287,-0.124334433589547,5.14505413980764
-1.01197844607989,0.422138592697151,0.380464648528909,0.0366326399772778,0.109782494082751,0.00439946539389172,0.088106778714558,0.233890478134537,0.0422644925370187,-0.7014325484921,0.10141003516539,1.09314396243947,0.352245967760662,-1.68962845112163,-0.917300486592602,0.0234052325515198,0.0427855613633654,-0.000838492342539118,0.0336566875990967,0.103414023217665,0.00896895703717866,0.0301381041824864,-0.776837105561128,-1.36860461279151,47.3015777520581,-16.893847425569,10.2632090780319,-7.24687284176849,-24.5354878766999,3.21528555243392,-9.33238738273696,-48.0954846469035,6.04486233629611,15.6808602797456,-16.8249463861289,152.004796326896,-0.0212656659069296,0.0783457631431974,0.596997881544031,0.0399446103767448,-0.0258185122024994,0.0110499402878851,0.135427591213605,-0.0797485601987097,0.0596711755808266,0.0178845249771907,-0.112599637704616,5.22803309251363
-1.10099896773158,0.469546053747244,0.510285983574525,0.0376260583588234,0.0998528455456825,0.0416606738986481,0.0946199109029752,0.207710790946531,0.132566906185254,-0.715403841452336,0.0851469756714901,1.2764765711783,0.417218193416077,-1.6584540762704,-0.961041546464307,0.0156295039832961,0.0542981293916297,0.016478785425622,0.00990515890473895,0.129954404258765,0.0513900648032614,0.0313342895933964,-0.750300752730054,-1.48780530072286,49.4770328857143,-7.86625684351015,1.09111092993425,-7.77002288622871,-23.5896153984104,-4.02442513195311,-11.9945057076065,-45.3985564927905,-8.40784677867571,16.5426806151931,-10.9855714445837,69.3229992848776,-0.0784962006087616,0.105832367381543,0.618476338431552,0.0400909843684555,-0.0247687512128388,0.0115353531774064,0.132008429663941,-0.0749063337876613,0.0604259208174678,0.0137240616599926,-0.107174494521528,5.34583410911812
-1.24535424415397,0.493167070485104,0.655270040947899,0.0338414499417116,0.0804153136881615,0.0723445331439269,0.0901649853287512,0.162562906544501,0.208495267041569,-0.745814841678587,0.059621428721247,1.42240737689434,0.451470859468658,-1.6374613584543,-0.98834764836759,0.0081125563153535,0.0568450583155488,0.0368098318753924,-0.00953950626383245,0.135241323047644,0.102905505681086,0.0217011651280368,-0.740281853589547,-1.57178083607698,61.0372455908199,2.0796784369377,-12.5085704845618,-7.85378881643908,-21.5547139575046,-11.415087427275,-13.9406306502465,-40.945406287836,-23.812736824252,21.1756844335127,-3.21415835278031,-41.2497310509036,-0.139342753471591,0.118389102926781,0.659655522977482,0.0408186023954524,-0.0238864348846887,0.0126186565019883,0.130294634336536,-0.0708372449923626,0.0628184289162908,0.01362435594358,-0.104424360277358,5.51224760912339
-1.43739500061955,0.491987219233655,0.831995086821933,0.026472918319014,0.0538230214194065,0.0924282545828495,0.0777465700248473,0.103300936965201,0.263002408796059,-0.787844482952977,0.0252158370593039,1.66757791300904,0.439629597987651,-1.633090170621,-1.00795910052848,7.63440455257992e-05,0.0521789250220718,0.0578492486130152,-0.0279810148725716,0.12354724575821,0.15858281493433,-0.00346465107975898,-0.747680796568656,-1.73037386921224,87.6138609617828,11.5657612857421,-34.9141053514039,-7.34783484416782,-18.323359325671,-18.8365168157761,-14.7692138930862,-34.4838263076484,-40.3319498644066,31.1921407107612,5.65269068964812,-169.420722468582,-0.2030773980156,0.120368279388249,0.718243017298529,0.0418588559766156,-0.0231397890434222,0.0143635111733898,0.12941605582296,-0.0673283372323723,0.0667250352219891,0.0173211813909968,-0.101705473487137,5.70991567915266
-1.6486770575854,0.455322502967435,1.02579904178458,0.0164824949236288,0.0255418058603006,0.100468196798685,0.0581166003302715,0.0412803588355214,0.292179513271113,-0.83365461121569,-0.0156735664321743,1.95777888425939,0.381255573608891,-1.66056711377437,-1.02263493554682,-0.00929450010419645,0.0400196423730907,0.0770878046951729,-0.0477206527436804,0.0947522841943745,0.213382389392252,-0.0438164717116805,-0.777066302879857,-1.99664306127449,126.991339812377,27.971495628397,-62.7041721690506,-5.85054849730669,-13.72482704936,-25.8192891676368,-13.3394201006733,-25.6537252592016,-57.1942511679949,45.6205682162521,17.548680538277,-285.313653707367,-0.268914739839475,0.117360488799403,0.797446063619623,0.043030761122845,-0.0226041231993826,0.0168556893648371,0.128944846481075,-0.0644491884069119,0.0722481833197962,0.0225978642555688,-0.0963105380991055,5.93699490537103
-1.83831660059327,0.386689865078231,1.21359154850025,0.00487359388627722,0.000205062489466765,0.097663706774662,0.0326347343912123,-0.0139559262130171,0.295986060705484,-0.872980262831983,-0.0556698241595136,2.21275121828211,0.293689260650108,-1.73254826134509,-1.04084259897722,-0.0203128390988624,0.020554134653949,0.0906950605728478,-0.0699400374510922,0.0495953687424588,0.258809079038139,-0.0933458212596373,-0.8301383201687,-2.38404244077315,170.778140231055,59.3329973069353,-87.3423643650709,-2.91093468662738,-7.70664383856252,-31.6294819205851,-8.41484119842261,-14.3015409977683,-72.8478294805905,62.4731456196529,34.5096540033608,-351.37073203884,-0.333498106048634,0.117605300433435,0.903379223222668,0.0441578320364817,-0.0226196976796293,0.0197175915793919,0.1285645696092,-0.0628027609946062,0.0784467842370473,0.0284109290642991,-0.0858253161082342,6.20459763731184
-1.97543845607441,0.314117714121432,1.38730559442841,-0.00679260796101082,-0.0195774683372236,0.086921651006839,0.00526505865100065,-0.0569058840861938,0.277664924115941,-0.896268374797911,-0.0830746809773673,2.46604357813524,0.204747670373862,-1.84764236480293,-1.07672208921311,-0.032032267182661,-0.0039968691570347,0.0961450355963944,-0.0931507811971677,-0.00706035735493577,0.287548024290267,-0.142316931580672,-0.901701700994909,-2.88822556459411,204.362621630147,105.626939816303,-96.3601025513059,1.71792080783985,-0.307250582839311,-34.9116803408065,0.64995684040671,-0.452936085788685,-83.7657355042407,77.9317758597123,55.4525226293478,-325.481585291824,-0.387160638421082,0.132640806334018,1.03838919609292,0.0451101323256368,-0.0232529416090716,0.0217241539534579,0.127926208676854,-0.0623057102708351,0.0820735913373171,0.0364844088487185,-0.0669095032706093,6.51658618375675
-2.0555470441659,0.266040492912503,1.54787774228228,-0.0178531334399379,-0.0329755779698244,0.0726162878084031,-0.0214847977091752,-0.0851024048660367,0.244689062417904,-0.902073379620409,-0.0894925954687408,2.75269728364699,0.139632003442045,-1.98597580745234,-1.13236959842096,-0.0420735563652518,-0.0308746753572816,0.0934802466927348,-0.112161172453185,-0.068957217274189,0.29669162319946,-0.177490704861638,-0.979649011774474,-3.39144543799281,210.506293590323,155.658394780867,-76.7042649912876,7.54220483046948,7.91086534698013,-33.8716743478339,12.6777780585653,14.7380688117467,-84.6843309530978,86.2174051341844,75.3165390090524,-185.389880707558,-0.422004765652942,0.17896803552739,1.20801475555125,0.0462064642194141,-0.023816758592843,0.0214430555439809,0.127644859281781,-0.0613388283529103,0.0791307014782915,0.0488308692819548,-0.0351169337321503,6.89687294261025
-2.08680066332355,0.257385521160788,1.7029146618147,-0.0284167761592689,-0.0408968749572672,0.056890732649112,-0.0467576019519965,-0.0996518842428905,0.201680697663136,-0.891463013385168,-0.0739038398438515,3.09743546613498,0.0973489435565046,-2.10411228564658,-1.16736745810513,-0.0472309953825611,-0.057814282640665,0.0850507603509164,-0.11932196082032,-0.130317773667504,0.288495722690093,-0.188478561250329,-1.04336187007926,-3.60599423051684,184.322617276772,191.248609512473,-25.8267140691054,13.2056165027491,15.6592852573593,-27.5760006604525,24.4695218413801,28.6425343925387,-72.1146848216465,84.2675100791423,87.2470462342788,44.2877556496605,-0.437167404602648,0.266198164442621,1.4198352468815,0.0479097936306853,-0.0228874057465754,0.0183410304330995,0.128499688594524,-0.0569014832328082,0.0677729656058477,0.0651979608241078,0.0110842233634347,7.37093419770368
-2.0587911030556,0.3077710513403,1.88230547941171,-0.0356362969140997,-0.0426012200517949,0.0383680983869787,-0.0638517215044856,-0.0994985030891187,0.146021553336289,-0.85127297066237,-0.0329479152932661,3.66870215686791,0.0610958800071146,-2.11652519698038,-1.09968019453636,-0.0450125525209093,-0.0813866968668164,0.0717763211143708,-0.108910070920081,-0.182314854686128,0.260961954841495,-0.170347375041715,-1.05365348047499,-3.22857657949046,138.816754707937,195.732328682628,40.2466989537255,17.0738397401002,21.3440218490994,-16.6562517093377,32.2938555001187,38.1436279811344,-46.603062140739,73.959620498254,85.6592706506431,285.089352655384,-0.436942676492769,0.373850406871647,1.66576890386323,0.0497832271807878,-0.0194346211662513,0.0137137697636314,0.129077857235922,-0.0471222159445827,0.0514780640777639,0.0805990913318642,0.0616328206758637,7.89815370475594
-1.9778052688177,0.386547998557415,2.04593468365412,-0.0400272020737042,-0.0371979812171477,0.0190247853686541,-0.0751844078599473,-0.0839585322729191,0.0842465521700439,-0.795169566308288,0.0193929581228159,4.26116119518029,0.0444260490974591,-1.98637574072188,-0.935066314020566,-0.0368858313199383,-0.096332149388474,0.0529216703001478,-0.0858637439453065,-0.213128943739888,0.209056319849618,-0.128278582015238,-0.995549797857018,-2.46628613480202,86.8416766408251,157.352513324896,94.6027024390646,17.6716889807872,23.2308869830275,-2.74788998054538,33.0709980286433,39.9922336825742,-11.3151810097797,56.1863352314962,66.6815727132797,431.710175912775,-0.433609810815412,0.449715947384679,1.92753300029032,0.0503967091702919,-0.0148176167605251,0.010251597402511,0.126129956130985,-0.0354500306761805,0.0388736868499868,0.0861017663471319,0.0937099768735727,8.42149675830315
-1.90152412699184,0.438783987981187,2.13751998548995,-0.0456008589613936,-0.0271354016695578,0.0024529765851844,-0.0903666297541732,-0.0595859743233052,0.0286966159043595,-0.764696014656311,0.0586193227111093,4.57056931521514,0.060501997315398,-1.81843735492565,-0.81369023914996,-0.0285371199285633,-0.102573921414884,0.0310839151109029,-0.0644625267754866,-0.224060336310031,0.141733104625616,-0.0858252737070549,-0.923170285941856,-1.98621780628959,43.727954408934,90.9578739255167,121.310179705085,15.343135728939,21.0056289514255,11.2119255573716,27.939289294496,34.0636464524846,26.0221761664886,37.4213512250348,38.2771683524793,461.871528381946,-0.434463803264084,0.472361367552622,2.19764798819174,0.0489740301887403,-0.0108395150123708,0.00870804008981578,0.118355560316,-0.0258407454619181,0.0327304203496127,0.0801770724472144,0.100170204055628,8.94332964021993
-1.84837513950824,0.447957404854327,2.19489036889769,-0.0519704815791198,-0.0156704489947202,-0.00830101740739339,-0.107586381883475,-0.0338322563972555,-0.0103896775558277,-0.757878957361082,0.0779664024450478,4.79214999946518,0.0792040231535173,-1.64614542249759,-0.712152614224993,-0.0204291452331585,-0.102303085716447,0.0095290959350904,-0.0451147486695466,-0.221039176259773,0.0704920754586067,-0.0520761860981176,-0.857350907819649,-1.65407089904069,22.4030791318405,32.6160840059409,122.924705884314,11.9784838582188,16.5422885844143,22.7032096813673,21.1281909632277,24.5697209254909,57.6590759065211,25.6058068447532,15.6261818395632,426.082891411201,-0.447983563804429,0.470980943573463,2.49144105763314,0.0456566680132947,-0.00698605346841607,0.00794591737981601,0.106501965811859,-0.0170175071988332,0.0291261905574257,0.0645279285909221,0.0961912201789286,9.51424839141581
-1.81363276069356,0.411107919621806,2.24469656122526,-0.0590303492507769,-0.00555201009386178,-0.0119600395606251,-0.125741748134864,-0.0123380555788343,-0.0279857039322361,-0.765383344718503,0.0784991515133473,5.05239790997917,0.0647787882175824,-1.49030096152646,-0.533177387495343,-0.0122542157133404,-0.0979231477635823,-0.0080678470331842,-0.0267156208736317,-0.210083248819143,0.00809566737715687,-0.0302294488515879,-0.805265273053153,-1.09454594948118,21.724643389221,0.126628149651534,106.475418394366,8.88205431819939,11.6087896156045,31.1759055060321,15.2675645197047,15.0509764015578,81.4885562692499,21.2744451365488,4.04566139169057,358.904609672473,-0.472018405114438,0.452080280739395,2.80799747592761,0.0402809988888967,-0.00306114606524002,0.00751963171202064,0.0904768599021398,-0.00850947163684402,0.0265488254598401,0.0403610614298851,0.0867677834301829,10.1297439886016
-1.77498471773837,0.333589217959506,2.24208029623822,-0.0670835100934231,0.00141094166364604,-0.00936984232924636,-0.144980333356667,0.00170457797622536,-0.0257733212023015,-0.778841560437089,0.0635550657178459,5.22066235714841,0.0184746548369381,-1.37798290584357,-0.27550061344011,-0.00596975375507787,-0.0921155049859596,-0.0205933564009907,-0.0132611891941559,-0.196843135488651,-0.0402460735271235,-0.0218063919915742,-0.77207811480206,-0.314717099248889,32.4576149529946,-7.48743615197523,76.9951768196956,6.50049891342636,7.14932023705742,37.0637582268589,11.0773473978145,7.16279641809705,98.4419292165083,21.3365647522152,1.88954894560007,268.093366351399,-0.500813462804659,0.406780564376681,3.13897106699027,0.0327006211580008,7.13833644393914e-05,0.0072700610500273,0.0702792139677587,-0.00209245374989952,0.0247639412132438,0.00869123215631026,0.0684335357386213,10.7800625425335
-1.71195882619662,0.233592497713292,2.08558622867746,-0.0759325040812819,0.00477772915809457,-0.00392530907054948,-0.164456489722542,0.0082928362548498,-0.0133850073359508,-0.792144985386082,0.0408426342939415,4.97951098165228,-0.0377727310037542,-1.32441074353258,0.00619331996113889,-0.00287245356815679,-0.0871309862303057,-0.0286355854045737,-0.00713715765994667,-0.185798670847862,-0.0747238167789197,-0.0239543533814892,-0.760350939127585,0.513123334621567,43.6196801711725,3.39195579228211,42.2918797338806,4.81079683848398,3.61466186102881,40.9989448214611,8.32965643423157,1.5365297602197,110.121974049761,22.2282415540786,6.29501995626619,164.797127090281,-0.526252616649365,0.33204943040797,3.47372901391717,0.0232301831126918,0.00168194553670138,0.00700560134880125,0.0469125979315601,0.000825927355864336,0.0231722628061235,-0.0275933290991675,0.0391782954764243,11.4602576476965
-1.62203012588887,0.138700489635949,1.72240888904799,-0.0838612759310784,0.00565473216986884,0.000716112636441474,-0.18029979512904,0.0102553454830564,-0.00158460191138123,-0.798284318518498,0.0206714651507225,4.16858514503456,-0.081098274172021,-1.32577965271438,0.240245231918056,-0.00285659078998902,-0.0843909758373489,-0.0330518600758074,-0.00759767969740007,-0.179487238099763,-0.0969034381746519,-0.0309902719028956,-0.766450015839145,1.181679966143,48.8666343499841,25.9004699065976,10.3621821254884,3.64988139205844,1.18758908643202,43.6223460953504,6.56740923642954,-1.71182493212218,118.212923836963,21.9315747044735,14.7079415547916,65.7912980091788,-0.532104976407867,0.231232753334281,3.77793816173605,0.0128251187988832,0.00144473340009711,0.00650146022409637,0.0226997617431952,-0.000191500364304846,0.0208883409217046,-0.0614863096688102,0.000270301596229861,12.1009221473868
-1.52179264116343,0.0724796239238359,1.21103278170495,-0.0888832218695824,0.00583163822103902,0.00334802101759907,-0.188609708420297,0.0111686269398549,0.00568573290553651,-0.792191833921307,0.010877201715894,2.95202572290413,-0.0967026641255115,-1.36034721215932,0.354086659812943,-0.00477741810009199,-0.0841065313255969,-0.034265371665802,-0.0117652678377964,-0.177821555877999,-0.107543143521596,-0.0364710548506242,-0.779254566904364,1.48073106393226,47.4948956305432,53.2671143369796,-14.4914103877262,2.86423600028503,-0.174674696674948,45.4487090285878,5.4199843466672,-2.87794872061933,124.083286693099,20.0825952961475,24.7155078006315,-17.0207089653048,-0.50004357027851,0.114578827526934,4.00354468702123,0.00314029455772036,-0.000533968297864,0.00544403444452356,0.00129905522082249,-0.0046149877964794,0.0168962690180604,-0.0833662885325558,-0.0431839907761277,12.5862872797711
-1.43763372752493,0.0428037593822256,0.679802097932359,-0.0906792790568044,0.00661703119389014,0.00456255581585309,-0.189425353390662,0.0133485925620637,0.00967357641654059,-0.776802812191768,0.0127749067341293,1.67681382214541,-0.0840559435209929,-1.397547016719,0.304146159871244,-0.00715824447419326,-0.0854054067723275,-0.0320447615125283,-0.0163492677201864,-0.178660935943293,-0.105831326137591,-0.0363211849749934,-0.785305735214213,1.27932651311643,41.1381617488148,79.1393314055889,-30.8256649365681,2.32329095193176,-0.684697527436048,46.7407647297875,4.61361116257811,-2.54817834041083,128.394430917363,16.9595619508522,33.8591119546948,-76.7376415587831,-0.425885985819829,0.00111961643810446,4.13249132657384,-0.00423295156899008,-0.00352630064200282,0.00385551230703528,-0.0140762449795222,-0.0107150223959566,0.0113544763387736,-0.0875992863959969,-0.0820765586271575,12.8648077393686
-1.38517194303876,0.0400510108855543,0.24025426880686,-0.0903538943260588,0.00836102352979408,0.00513304822845181,-0.185718056648317,0.0172094584248441,0.0122195655424841,-0.758490121455227,0.0211819529667457,0.634732214707801,-0.0584557309337924,-1.41175365777776,0.111977779334587,-0.00912156151955085,-0.0868702746778896,-0.0264637808582827,-0.019659275124675,-0.179106483954798,-0.0920266108201243,-0.0318002995289197,-0.775985343664479,0.637518138528814,31.7675220148425,97.8686068880535,-37.4053353651874,1.92801695986088,-0.651536624839056,47.5527428683889,3.96597776189302,-1.44718482686349,131.214919073177,13.0550445163701,39.8343180969651,-106.010371552585,-0.323479142471067,-0.0873273916018878,4.186412178287,-0.0087072963916349,-0.00638811124194339,0.00225413307737335,-0.0225958910763156,-0.016089547184152,0.00597427851624512,-0.0765826177191125,-0.106751491479994,12.9771132468335
-1.36322396071549,0.0473036031602927,-0.0599097323776341,-0.0891901408632661,0.0107612322921909,0.00530242961937405,-0.180520770986957,0.0220249773998803,0.0137113992222152,-0.741777349338704,0.0292779856907705,-0.054841159473004,-0.0401453967590582,-1.4016538282895,-0.119240301989369,-0.0108101949255712,-0.08760710742084,-0.0189688831801758,-0.0223042449500822,-0.177730832183891,-0.0706013828224687,-0.0277498158308646,-0.755277528589661,-0.129964048652572,21.3165813039214,105.370014401974,-33.5582825276414,1.60456819345798,-0.410378497024683,47.8972419443824,3.36075767205742,-0.281630623055301,132.52064221998,8.93241638805245,41.1100128592029,-100.407196998444,-0.213478327652086,-0.135565553059615,4.20259960940603,-0.0106209363543461,-0.00805938765028402,0.0011751790057493,-0.0254247321229935,-0.0187128727606265,0.00248357322236179,-0.0573350508340699,-0.111734605093442,13.005399042231
-1.36009915335642,0.0527920543114074,-0.229079444872099,-0.0878886739560367,0.013461151418147,0.00503330735581276,-0.175372605385048,0.0271180536642977,0.0138427658271678,-0.727511762411769,0.0336441174002987,-0.422690127291549,-0.0358952025637772,-1.38296349766556,-0.290478223210496,-0.012792840599404,-0.0875644789243338,-0.0111716174933708,-0.0256264620441841,-0.174872222224592,-0.0467818739951139,-0.0267796837102278,-0.732883242612907,-0.712432146193818,11.7028947377389,101.657402916145,-23.0139756979905,1.32688242305141,-0.158378739283918,47.9015251916827,2.78701152042375,0.591554501610237,132.679118136599,5.20168130985812,38.114891124162,-71.1428759873946,-0.113351834714661,-0.143057159187684,4.21230317082333,-0.0107121351953742,-0.00815374713247851,0.000682241359019296,-0.0244514657062163,-0.0180587210921565,0.0010672083379552,-0.0368767726246244,-0.0991579117087507,13.0244752946884
-1.36402865786949,0.0535090714132395,-0.300817592445375,-0.0866201182071317,0.0163250521513527,0.00435618477118098,-0.170584000410075,0.0323134532430274,0.0126095129033749,-0.714707566704629,0.0346824538324828,-0.565218631612502,-0.040136387375927,-1.36859053158943,-0.363665392624692,-0.0153682563832146,-0.0869443914793662,-0.00427693044121926,-0.0302051802387692,-0.171159848712868,-0.0246422471919208,-0.0281203989985935,-0.714335952287086,-0.984453176162138,4.08709791854134,89.6096312739843,-11.6636847940196,1.09686371349828,0.0361932519112007,47.7503599738556,2.28226612617597,1.10876964516055,132.269063351925,2.25247495808175,32.3826838344142,-37.3239087986575,-0.0334508220058395,-0.120717063522246,4.22919865407235,-0.00968913619611501,-0.00695999653581764,0.000520480574825766,-0.0213442906327573,-0.0149457129786671,0.00083397622578224,-0.0196661007559864,-0.0760712824162265,13.0675091638652
-1.3679897841759,0.0512246626541032,-0.310117135182541,-0.0853131315748258,0.0193539140173755,0.00341360058719139,-0.165947089244887,0.03768990077048,0.0103891648063192,-0.702244381908099,0.03411072247836,-0.577219582865324,-0.0455202903097474,-1.36175270562729,-0.35042764292495,-0.0184809396559133,-0.0858495745553483,0.00101028049739285,-0.0358261970952865,-0.166832697959217,-0.00671465218919049,-0.0300342766878911,-0.699688718060389,-0.977446275978405,-1.24875155061011,72.7623032988377,-3.5741791808865,0.912241397637915,0.16009431902636,47.5923397450258,1.86102754338985,1.31943588742083,131.772565907415,0.184994953850732,25.4213037407727,-12.5542432253007,0.0221487075256233,-0.0832944935195783,4.25142898554585,-0.00809151412407275,-0.00509402159862028,0.000439565259836551,-0.017298007401404,-0.0107333087360241,0.000881184085524254,-0.00752659401884218,-0.0501868235007578,13.1267095088728
-1.36983452487951,0.0482629036544829,-0.28406397837879,-0.083862472126909,0.0225579244052033,0.00238241930054577,-0.161215522042609,0.0433073624764266,0.00768932728995925,-0.689675110522097,0.033180660098275,-0.525793090995728,-0.0483729994760738,-1.36041823898833,-0.283538524671181,-0.0219298144258723,-0.0843400263227006,0.00442905667742258,-0.0420125554651506,-0.161972813610888,0.00584744274051714,-0.0314232473670526,-0.687116164907219,-0.792951658538164,-4.47207401435386,54.1889646621772,0.333469738526201,0.759884507752229,0.2151284109268,47.5007418647575,1.50623015510752,1.29400341257859,131.441414853029,-1.06872464834488,18.3292058510026,-0.343339588560049,0.0540369454980385,-0.0440957563403341,4.27187928948936,-0.00630814467997502,-0.00318073560252162,0.000332964367633039,-0.0131201616450214,-0.00667576680025369,0.000788274124237583,-0.000427704584364343,-0.0274295377550334,13.1805775459157
-1.37018638066943,0.0458839790686583,-0.240821471434681,-0.0822085772923712,0.0259208782821079,0.00141901233216477,-0.156266368537971,0.0491478834091852,0.00498584454891944,-0.677133647745215,0.0323749706863091,-0.449689093147724,-0.048521899438524,-1.36197114270405,-0.198919090286362,-0.0255357912093181,-0.0825106354140234,0.00607623290798932,-0.0483826126641252,-0.15672361629921,0.0130247388130985,-0.0320009284149057,-0.675323655803848,-0.545403631163016,-5.88462122193559,36.295722344504,1.27621321034309,0.626138251240286,0.213678252184486,47.4830913560493,1.1954540714389,1.11120907093572,131.320919201992,-1.64163631496069,11.8688748309432,2.78426004218693,0.0661991399650636,-0.0122148098246909,4.28607535184281,-0.00460779091727772,-0.00165606247808706,0.000208598418650725,-0.00932803366605122,-0.00357066768779392,0.000548482721719018,0.00274212442564971,-0.0109941169745058,13.2161921788978
-1.37041836118657,0.0443434589086071,-0.191379091096452,-0.0803427505311285,0.0294106847060858,0.00063633354657923,-0.151087630286842,0.055150213739856,0.00265334580402528,-0.664876817214913,0.0317180459682203,-0.366846925748148,-0.0472037410585027,-1.36492855266638,-0.123394122917549,-0.0292002903347952,-0.0804747776963781,0.00629893018818412,-0.0547468523678381,-0.15127096254572,0.0156355590230635,-0.0319053520505416,-0.663851600741656,-0.321930056562539,-5.86259662503915,20.8082698946991,0.946007317765861,0.504403313172094,0.175530764227654,47.5117453056517,0.918153013741656,0.849990156503007,131.340935200525,-1.69800340067768,6.53421397972306,1.979728539492,0.0644697437921822,0.00844020352308949,4.29392574850079,-0.0031500222258497,-0.000689561082014356,0.00010589326796435,-0.00619504802465928,-0.00166255906075221,0.000298696606427829,0.00347280353928374,-0.00136848958047814,13.2338769910493
-1.3716592401788,0.0434071648836399,-0.142288835471347,-0.0782843224446312,0.0329906111647558,9.3877060421352e-05,-0.145720327901995,0.0612424382063229,0.000925294458562771,-0.653023297344591,0.0310888418863339,-0.284521236257391,-0.04550238675809,-1.36877067060079,-0.0692121322153971,-0.0328850154857834,-0.078310549417502,0.00556857609667153,-0.0610460081900026,-0.145743223410292,0.0149717903957168,-0.0313625652668084,-0.65258449574729,-0.163635040568658,-4.86508067560217,8.73955445239505,0.450202996686718,0.394965920099353,0.121306779984161,47.553729382158,0.675530799964832,0.576476047922018,131.407133958928,-1.41920846605602,2.55890074251373,0.653795406726791,0.0547960460674263,0.018285456440413,4.29756459590554,-0.00200092983539544,-0.000230768038900481,4.35097902074602e-05,-0.00380093737016144,-0.00077820599597364,0.000128304678105627,0.00306298390980275,0.00280225082675584,13.2403954868339
-1.37451625459115,0.0427622036853203,-0.0977684497839143,-0.0760605144767042,0.0366249647432619,-0.000201741045571841,-0.140219399200106,0.0673597436161927,-0.000119038623538127,-0.641570981644913,0.0303877211286132,-0.206874465792459,-0.0439585582947165,-1.37341535553676,-0.036631783112279,-0.0365754393795661,-0.0760446753211616,0.00435819821137957,-0.0672693020707721,-0.140185405128676,0.0124233524471291,-0.0305660433935257,-0.641476237239343,-0.0728202348852661,-3.38529006093767,0.393302295033986,0.165750987050259,0.300970086754696,0.0675876211619122,47.5876256516411,0.472734816945061,0.336076328960032,131.454863910345,-0.981743130135944,-0.0616100136187755,-0.0348780994849215,0.0420146154952236,0.0201510885485346,4.29908187272517,-0.00115860159191928,-0.000118641007918284,1.49857116355444e-05,-0.00209520923240243,-0.000560066273224883,4.35331055112692e-05,0.00235245063707711,0.00355534458115768,13.2419935099443
-1.3790870460055,0.0422195638760853,-0.060590978796716,-0.0736976155361602,0.0402838248861084,-0.000286436217756744,-0.134637369495457,0.0734552207026851,-0.000536773378770891,-0.630495495117863,0.0295904279945767,-0.137969791132461,-0.0427541426826522,-1.37890205047188,-0.0197774635308318,-0.0402622390197457,-0.0736767267399169,0.0030546978386365,-0.0734160575971468,-0.13460198080599,0.0091914722115818,-0.0296612724695538,-0.6305433785645,-0.0311986285759323,-1.861551073652,-4.52507849018336,0.0673267982642015,0.224678310889104,0.024631612317625,47.606516502956,0.312124323566736,0.1519551012146,131.461061437794,-0.531704462136859,-1.51307618568444,-0.17470627606631,0.02939330906998,0.0174457125240694,4.29971729689914,-0.000581048724641737,-0.000180559632308345,5.13729840102399e-06,-0.000958816859747524,-0.000657892359726114,1.1449025635802e-05,0.00173576768338267,0.00272819030109362,13.2420700792301
-1.38502768530813,0.0417452076806731,-0.0321987634130665,-0.0712134531245013,0.0439438449136731,-0.000222640283376112,-0.129008713081814,0.079499503929771,-0.000481202116146142,-0.619784907518886,0.0287347461694496,-0.0815673087774612,-0.0419197707736405,-1.38515274159925,-0.0117855994598758,-0.0439355536297192,-0.0712000713942363,0.00191802660443044,-0.0794846408946801,-0.128987846216574,0.00613692026405088,-0.0287461190565334,-0.619855520360423,-0.0164640495217998,-0.606757770259022,-6.70066079020236,0.044175594684162,0.165748315749503,-0.00354633717938987,47.6129043948591,0.19069761714945,0.0286612162209938,131.431012573653,-0.167080064131519,-2.08259960254831,-0.115745802483225,0.0187227221906638,0.0129864148124921,4.30001404387477,-0.000210710880948954,-0.000288853189940582,2.43429418136814e-06,-0.000253566062161255,-0.000827171755106803,1.28526531468324e-06,0.00131038456137676,0.00154601818391177,13.2418456804701
-1.39153761438764,0.0413935171466074,-0.0126138133640813,-0.0686029546727591,0.047579409401977,-8.15903655321195e-05,-0.123324870129041,0.0854632170428248,-0.000150535207624818,-0.609410058701747,0.0278811945403004,-0.0397706442015077,-0.0414297566151608,-1.39168484074956,-0.00770202442754346,-0.0475771572146245,-0.0685971313723406,0.00107880736852159,-0.0854596532923821,-0.123316248988475,0.00374574202720765,-0.0278764382063973,-0.6094593615065,-0.0120557022118819,0.218005399593224,-6.9785698874442,0.0323389505261016,0.121279950551161,-0.0175710595351524,47.6123289625901,0.100826164282687,-0.0415299668865806,131.379989268223,0.066422135786117,-2.07954275073661,-0.0571310098058874,0.0106658638430868,0.00856297924287089,4.30016195327416,8.79023193744325e-06,-0.000375446147421867,1.56147245520232e-06,0.000146851442238559,-0.00094537561265097,-2.62514874561056e-06,0.00103697122425203,0.00060034006713135,13.2415531851809
-1.39724940377955,0.0412190714605718,-0.000576518225904146,-0.0658211342403104,0.0511435371171095,7.22216481683798e-05,-0.117510363933012,0.0912855442938023,0.000261596433603281,-0.599299368374831,0.0270808523077053,-0.0121694573967267,-0.0412282422210724,-1.39734342799569,-0.00507987485788152,-0.0511438374534486,-0.0658196439757774,0.000560481835613056,-0.0912869703713928,-0.117508142993108,0.00217504153894705,-0.0270794306336713,-0.599325851633553,-0.00961803039099077,0.591473350909836,-6.17448359069813,0.0172862193719449,0.0867516841265726,-0.0208043493462154,47.6093948913495,0.0324411089436921,-0.0724249987537777,131.321305189779,0.167577591447015,-1.77689925751313,-0.0398265817379902,0.00515753389278365,0.00501988814584626,4.30021949503,0.000124616116483063,-0.00041971779560682,1.01136079050862e-06,0.000343809887652775,-0.000980676109746466,-5.17679292649976e-06,0.000849212240368157,3.74520790240532e-05,13.2411587504776
-1.40022410837096,0.0412157582255087,0.00596476071346814,-0.0627778731168529,0.0545469444736001,0.000191501544203625,-0.111422473346708,0.096845197451339,0.000603088472832539,-0.589398631048495,0.0263638978851224,0.00384662246946619,-0.0412306402375529,-1.40027511237246,-0.00320876136427028,-0.0545482089250538,-0.0627781223709513,0.000313029435208692,-0.0968486344335537,-0.111422599623724,0.00134186968144048,-0.0263680681054217,-0.58941247735541,-0.00686472873195365,0.596280974076227,-4.95033879330052,0.00290265438314114,0.0572284390548305,-0.0177789079025429,47.6066223885769,-0.0245333547946651,-0.0792494916290761,131.262528771488,0.165097293227787,-1.37935922265475,-0.0452925222317334,0.00174393639153904,0.00256221260139678,4.30021064868575,0.000172922440266127,-0.000427184090690622,5.84844639283093e-07,0.000412588759585378,-0.000948063188803969,-7.17197943557768e-06,0.000701203210312759,-0.000214969907539719,13.2406323179592
-1.39856222277425,0.0413001914873695,0.0091851165850567,-0.0593712613264478,0.0576631394830341,0.000250794998148831,-0.104912472689556,0.101977551915577,0.000783490533592206,-0.579924471646273,0.0257481699632648,0.0119111051103339,-0.0413198608324025,-1.39859138060848,-0.0020642622157656,-0.0576647291447158,-0.0593719157860589,0.000247948386378127,-0.101981727821055,-0.104913068781904,0.00102421052891939,-0.0257545446149029,-0.579933129751065,-0.0042425636477651,0.372507091314502,-3.7544529899286,-0.00705454623251179,0.0285607034575301,-0.0130016957826926,47.604903089988,-0.0780219110542094,-0.0755362501492308,131.206530083862,0.101511207620769,-1.01445230949674,-0.0550910131727329,-0.000168835948774514,0.00106504411003273,4.30015520467849,0.000180082387499886,-0.000411287002635144,2.7255623550209e-07,0.000406444414849696,-0.000874788243387743,-8.69944714666069e-06,0.000572290299281225,-0.000282770040336084,13.2399950735884
-1.39240403731992,0.041347782524506,0.0108010068204857,-0.0555975444547281,0.0604211975410175,0.0002463434151836,-0.0979977823820462,0.10662672441405,0.000778737787384254,-0.571913409010703,0.0252644406123931,0.0153557186614141,-0.0413658308688386,-1.39242216557608,-0.0016143737781445,-0.0604229080482751,-0.0555981088672017,0.000267964904490242,-0.106631129624549,-0.0979982523196747,0.000952758297114486,-0.0252703086979943,-0.571919763692598,-0.00250642303132701,0.0710338290477201,-2.8151366796356,-0.0125151203990124,-0.00160038771418854,-0.00998007692582952,47.6042814833833,-0.132209917121355,-0.0711572906506379,131.153649409064,0.0190571580644774,-0.739886892073562,-0.0629715101203938,-0.00114817651955022,0.000286517404271958,4.3000712439657,0.00016468855584554,-0.000383195743706929,2.64463953795104e-08,0.000361665192181197,-0.000782316836135854,-9.93337612897673e-06,0.000456217223539575,-0.000265172281197054,13.2392916012278
-1.38678558565897,0.0412851384550054,0.0117668165936293,-0.0517090722220858,0.0630170461579309,0.000192788692479259,-0.0910785713954738,0.111151644692118,0.000624424954440786,-0.567591480515629,0.0249782222021512,0.0163235431076958,-0.0412980867079785,-1.38679562382527,-0.00161334418080534,-0.0630187753115124,-0.0517094642261036,0.000289217562476013,-0.111155887044683,-0.0910788778645821,0.000883774192353846,-0.0249825394644966,-0.567596075446493,-0.00176196176029367,-0.18600041627584,-2.17481583702116,-0.0152368848494873,-0.0332106797748233,-0.0104448381045812,47.6043841818064,-0.18685998878225,-0.0712546482637229,131.102959228653,-0.0504233377194247,-0.56045783340376,-0.0694133372466076,-0.00163146781905179,-2.32009903459906e-05,4.29997015269127,0.000139356754319491,-0.000349168789096249,-2.22875167528926e-07,0.00030190547891746,-0.000682396485960308,-1.11081555438113e-05,0.000352298670849533,-0.000217947286381779,13.2385556602534
-1.38662708529873,0.0410902413767702,0.012262476610618,-0.0480116944425179,0.0657900881915299,0.000116073257275315,-0.0845397715864277,0.116019663553742,0.000395349750921501,-0.567362259772843,0.0248773233972792,0.0155121771311403,-0.0410968668380327,-1.38662890213126,-0.0017200404536529,-0.0657916132157213,-0.0480119768743252,0.000254526550861248,-0.116023080783716,-0.0845399961392583,0.000646133003366618,-0.0248798283742791,-0.567364868636022,-0.00159438388905961,-0.331113949241204,-1.75230601644807,-0.017076811257539,-0.0638996491424708,-0.0140089032918379,47.6044363776196,-0.237779896427612,-0.0762164000075731,131.052384385041,-0.0902872065143916,-0.448763724963234,-0.0763528460708904,-0.00187073531210362,-7.94076593423784e-05,4.2998533250763,0.000112347335939281,-0.000312623489059202,-5.42065192260666e-07,0.000241907061745189,-0.000581234051370178,-1.24342952703673e-05,0.000264697442534825,-0.000165832960315886,13.2377931591341
-1.38733952426002,0.0408277419755695,0.0118318416984869,-0.0442263024307869,0.068404470580698,4.14795152588542e-05,-0.0778520939897447,0.120600504424141,0.000168728766563724,-0.567636235984161,0.0247787084567416,0.0124215729834761,-0.0408282274188527,-1.3873324744881,-0.00171224659557862,-0.0684053890749495,-0.0442265106330324,0.000134224882779137,-0.120602125480197,-0.0778521675022315,0.000151733321042432,-0.0247794467755333,-0.567636450429421,-0.00163705977823065,-0.354753389006105,-1.41357088836929,-0.0193058568948958,-0.0893456461988309,-0.0185515939254076,47.6042499044726,-0.277747501071836,-0.0829011545454591,131.001484993681,-0.0973724928476468,-0.363373133143287,-0.0851190746104647,-0.00190901873983018,-4.35409444804712e-05,4.29972116524074,8.98504546129424e-05,-0.000278450350790319,-9.78110498277202e-07,0.000192018574997266,-0.000487082480224302,-1.4046259737976e-05,0.000211719310769088,-0.000118391741781002,13.2370093171942
-1.3879530444092,0.0404395348971267,0.00985554195165452,-0.0403191558886145,0.0707758850950452,-1.07277550750397e-05,-0.0709584807920136,0.124746986710241,9.01505935217224e-06,-0.567817699581858,0.0246218672521863,0.00617180355032336,-0.0404359529757031,-1.38793877862644,-0.00161824280351948,-0.0707758107953081,-0.0403192394089918,-6.89009568666406e-05,-0.124745977470565,-0.0709581322547906,-0.000583998952974477,-0.0246213553666673,-0.567815629424344,-0.00196022996487759,-0.291762830208313,-1.02252376919925,-0.0224456198864475,-0.104544956263482,-0.0210177519500275,47.603787675105,-0.298955163521034,-0.086439216467911,130.95028636286,-0.0801440810703719,-0.2664715202233,-0.0959868215050509,-0.00167218996277547,5.73719856530457e-06,4.29957189832111,7.69558507746151e-05,-0.000253977474185364,-1.54115382982386e-06,0.000160016086751741,-0.000411575921724559,-1.59591105031686e-05,0.000216011270724097,-7.6151221833626e-05,13.236205245453
-1.38858572952718,0.0398384921786587,0.00582487069357748,-0.0363250880437995,0.0729028589478189,-3.02005660157313e-05,-0.0639224515618878,0.128458772388016,-4.97750399754694e-05,-0.567994532808044,0.0243686363454703,-0.0039323879703205,-0.0398341419103152,-1.3885706953546,-0.00170091738617409,-0.0729017251603217,-0.0363249792138392,-0.000325262033201736,-0.128455015757791,-0.0639213949276038,-0.00145879682376565,-0.0243677735933263,-0.567991500629462,-0.00313370086978664,-0.196955145392194,-0.492398070668551,-0.0264248147704766,-0.104695373005201,-0.0183285570710171,47.6030616903546,-0.294645217383469,-0.0820903764658042,130.899001565558,-0.0528863422100238,-0.133649585165178,-0.108416523652521,-0.00101503916465988,6.68046576753162e-05,4.29940287585637,7.93934581385431e-05,-0.000249783871658117,-2.20781012487993e-06,0.000154063593250715,-0.000370721653504761,-1.80832575770323e-05,0.000304232390775522,-3.18170693343866e-05,13.2353816632584
-1.38925872006847,0.0389386096845268,-0.000411148517118098,-0.0322798880755949,0.0747781996818054,-1.80849035279694e-05,-0.0568077710928646,0.13172512382808,-1.11284239804341e-05,-0.568182010143669,0.023973790993507,-0.0178946858342941,-0.038936100434725,-1.38925267371345,-0.00234929671842721,-0.0747764260465396,-0.0322795989337472,-0.000585802345133276,-0.131719500397744,-0.0568059412120434,-0.0023068555465157,-0.0239733920112174,-0.568180380312827,-0.00600492276881761,-0.123564702190125,0.193452453641915,-0.0308381318307496,-0.0863296255710994,-0.00835238676315251,47.6021540079067,-0.261009964862527,-0.067013501808194,130.84806125086,-0.0299792336484827,0.0410899552874434,-0.12133689549354,0.000206060578817865,0.000207914523672049,4.29921354001567,0.000104277178292058,-0.000278735155202036,-2.92909772876857e-06,0.000183853710060448,-0.000382899318174787,-2.02438816993361e-05,0.000499922792051316,3.14508116681612e-05,13.2345453718798
-1.38998297860121,0.0376586950013222,-0.00847868799344974,-0.0282258076889808,0.0763971169967745,1.34147393802137e-05,-0.0496885197414201,0.134539551313782,8.419587002831e-05,-0.568386584044155,0.0233911930606357,-0.0347317134157773,-0.0376596157575782,-1.38999184466567,-0.00388931383201467,-0.0763954100500813,-0.0282253560629872,-0.000789855465369443,-0.13453357397794,-0.0496860235806408,-0.00292617421334222,-0.0233917755021398,-0.568388194261499,-0.0112299999768794,-0.106223913002732,0.979121413993015,-0.0351122764226901,-0.0484767048996471,0.00937954147140784,47.601173455801,-0.198964295833171,-0.0414186947964365,130.797939441035,-0.0213981274083573,0.24447076627344,-0.13317151073924,0.00205810438080807,0.000545563981726256,4.29900886270235,0.000159700982746004,-0.000353727634279182,-3.62929478773897e-06,0.000259776456975129,-0.000464857589738912,-2.21745505754833e-05,0.000812998739986672,0.0001388612080654,13.2337149668037
-1.39076315096685,0.0359275429353468,-0.0174424229569449,-0.0242117958699674,0.0777592345342199,4.32259472089935e-05,-0.0426495006357447,0.136903197930392,0.000165162616468089,-0.568610911115389,0.02257757712659,-0.0524753642120877,-0.0359356196103553,-1.39078018340987,-0.00636058375786661,-0.0777580004694825,-0.0242108475322725,-0.0008749760212319,-0.136898040255734,-0.042646127529771,-0.00311317120834558,-0.0225799532602347,-0.568614867473313,-0.0186969490413357,-0.14983343309189,1.74581681048629,-0.0385981050100983,0.0063302142359583,0.03328617828362,47.600157715017,-0.115484412289484,-0.00902649686373302,130.748831505516,-0.0296534887853653,0.446290117298914,-0.141917418404644,0.00447462379403826,0.00120141207558614,4.29880159700381,0.000253138537526742,-0.000484947869008847,-4.20731548947878e-06,0.000390166262596301,-0.000627197119474471,-2.3537238173306e-05,0.00123099387284548,0.00031630127262447,13.2329231451167
-1.39159454370541,0.0336909692859463,-0.0259120976782031,-0.0202925448895419,0.0788699890579602,4.57653183103037e-05,-0.0357845845210653,0.138827100973975,0.00014543266150755,-0.568854314281137,0.0214967503148249,-0.068469433200226,-0.0337157910565356,-1.39159793364269,-0.00933361685107869,-0.0788686508747654,-0.020289968212328,-0.00078970545686687,-0.138822562912997,-0.0357792269625344,-0.00270609184352229,-0.0215029117020422,-0.568856033951567,-0.0270572708856318,-0.22534439323783,2.33209701243205,-0.0408210517565521,0.0714287615352269,0.0597381823395959,47.5989845183141,-0.0241517477524766,0.0232063699520483,130.700406613269,-0.0484230024757859,0.604530854184433,-0.146096013642159,0.00722994674107355,0.00223998564022336,4.29861047454544,0.000388661492697239,-0.000677266784582979,-4.58142932201336e-06,0.000576792276624264,-0.000870424954897548,-2.40930764651284e-05,0.0017156795868639,0.000575990643033874,13.2322108198533
-1.3924601544117,0.0309222829192897,-0.0322830793358447,-0.0165264239463071,0.0797414928468303,-2.23679040528057e-06,-0.029193225209223,0.14033356190474,-5.32040147151938e-05,-0.569112557879355,0.0201246778681727,-0.079888266479426,-0.030976522848564,-1.39242338348774,-0.011865213329628,-0.0797382415513016,-0.0165202955355382,-0.000508919433835808,-0.140327820291338,-0.0291840416711686,-0.0016346876847591,-0.0201373854851803,-0.569105751140972,-0.0336487686143889,-0.2736894331392,2.56436561407983,-0.0420072945873761,0.136106575200702,0.0834936300537544,47.5973917736689,0.0555775280051365,0.0461052123489841,130.65194412076,-0.0632094266821414,0.673202502189261,-0.146731219653142,0.00995484769289959,0.00360006119740068,4.29845248177444,0.000563374813233608,-0.000928257046526547,-4.79010218533755e-06,0.000809391784477895,-0.00118237374970486,-2.40300049174711e-05,0.0022074166013992,0.000899248731748481,13.2316102853764
-1.39333228863381,0.0276344623436976,-0.0350650201077092,-0.0129723826401573,0.0803927721807551,-0.000112953420283418,-0.0229753685239006,0.141456510926674,-0.000471278675078799,-0.569378290112015,0.0184549572652446,-0.0843238087621192,-0.0277202275444865,-1.39324487816443,-0.012689090722535,-0.0803852340676569,-0.0129609787632665,-4.91309534311699e-05,-0.141447290502651,-0.0229613734345038,3.30011200203987e-05,-0.0184748191999681,-0.569359718310697,-0.0350848370056843,-0.219000858230024,2.2966246685969,-0.0433924924974623,0.186715353684364,0.0985637408730853,47.5951689408279,0.100826126714815,0.0499645736653012,130.60300767241,-0.0543936812087662,0.612728242489253,-0.148375195751513,0.0121964374716859,0.00504545797998392,4.29833118492906,0.000764144034629845,-0.00122713272425871,-5.05591618872932e-06,0.00106111934702683,-0.00153740138775611,-2.41159355200892e-05,0.00263701151841539,0.00122425233918573,13.2311220323999
-1.3941805291342,0.0238877694376187,-0.0332143271410102,-0.00968624570419763,0.08084934167453,-0.000278641918694628,-0.0172255179874831,0.142240783043125,-0.00108282940129722,-0.569642675680271,0.0165029731828239,-0.0802354875787739,-0.0239790844913944,-1.3940663329144,-0.010675482825775,-0.0808361879663792,-0.00966990308889382,0.000521436986683685,-0.142227734949745,-0.0172091416385292,0.00206302815330189,-0.0165242526611718,-0.569616954763017,-0.0285911113078534,0.00910732985823747,1.45538867084331,-0.0463204438582258,0.209004921092271,0.0994153150078882,47.5924475509705,0.0896314529038374,0.0266846713197492,130.554367190848,-0.00276799589478087,0.401882865131301,-0.155812354059617,0.0135123555689896,0.00617044803178426,4.29822839349875,0.000966492717154518,-0.00155472110992712,-5.64281944937333e-06,0.00128798106897282,-0.00189742821449702,-2.5155987417998e-05,0.00294135670290148,0.00144930639260469,13.230700309559
-1.39498229387094,0.0197854837274861,-0.0263698103152823,-0.00671715339293248,0.0811420394652955,-0.000466262255179498,-0.0120271776411141,0.14274014424677,-0.00177877883793185,-0.569897538605954,0.0143066349878871,-0.0670973799665968,-0.0198257691619171,-1.39489852402401,-0.00544571859672055,-0.0811247983748307,-0.00669979350908152,0.00108495451698613,-0.142727011065907,-0.0120157189934193,0.00406759086031863,-0.0143160278560983,-0.569877866457147,-0.0137294532029251,0.447429530636651,0.0808209061911322,-0.049994400625758,0.19151739400012,0.0823106414255503,47.5898520073758,0.00672222254027441,-0.0280256880803815,130.508383683325,0.103116063861564,0.0489777449295291,-0.166358297689588,0.0135741367855984,0.00649063025918969,4.2981086613155,0.00113787981841183,-0.00188446420000287,-6.48930741168799e-06,0.00143563946089085,-0.00221465813399013,-2.67890179797402e-05,0.00307602453757482,0.00146016210457482,13.2302666591175
-1.39572875425548,0.0154569553944365,-0.0149219086303047,-0.00410489998483673,0.0813050472184604,-0.000620106431409101,-0.00744872739841262,0.143013933982088,-0.00237667028802729,-0.570136706349352,0.0119231130979462,-0.0452528967050634,-0.0153874168715994,-1.3957374744044,0.00216642096076747,-0.0812887256765225,-0.00409342332489715,0.00149479425020029,-0.143008308115804,-0.0074521158450847,0.005574672845096,-0.0119057581761288,-0.57013883806772,0.00641567082224988,1.07256337518244,-1.64967863573174,-0.0501517577406209,0.129369923251198,0.0465032778966189,47.5882484781405,-0.150534125438412,-0.112875402237776,130.468074721112,0.259563118928535,-0.401351673435758,-0.165679357126244,0.0122445425508428,0.00562087572935503,4.29793927597045,0.00124652170385957,-0.00218443474038179,-6.98998026862461e-06,0.00145497940893284,-0.00243580479020812,-2.68889260702365e-05,0.00301764863000411,0.00118014040538451,13.2297546161901
-1.3964223893997,0.0110391410953745,7.05691475846069e-05,-0.00187835028389197,0.0813732335069331,-0.000676637154556936,-0.00354070756888294,0.143122590223064,-0.00266867050592554,-0.570356096071891,0.00942396716442397,-0.0157562315280395,-0.0108485549235933,-1.39654590554258,0.0102278068577493,-0.0813645404939861,-0.00187916275402598,0.00161757251892786,-0.143131895552467,-0.00356519806771186,0.00616004002127777,-0.00937546601072163,-0.570387486915759,0.0258132770290608,1.78702077018365,-3.43155574882582,-0.042010016035408,0.0272147618500976,-0.00503778178052278,47.5881144313191,-0.368090165668933,-0.220186330196284,130.435032412972,0.443254545994928,-0.870107468174768,-0.137968332794145,0.00959852182917506,0.00348640739356579,4.2977138295564,0.00127392513318676,-0.00242039479701207,-6.43741118177356e-06,0.00132273986476825,-0.00250773664915053,-2.31520526959656e-05,0.00275381897785172,0.000624608061452092,13.2291563309484
-1.39707099509987,0.00667399637223684,0.0170208516891028,-5.42337242335951e-05,0.0813793795041591,-0.000591671452565958,-0.000333115615853524,0.143122993939539,-0.00250649457442849,-0.570553826191075,0.00689268325545318,0.019394827869575,-0.00642885373773605,-1.39726310798316,0.0166557281147837,-0.0813829251785239,-6.88648526893802e-05,0.00139015591917735,-0.143148360508528,-0.000374912951520505,0.00561978294107603,-0.00682759289880033,-0.570605557331342,0.038521528348522,2.43088687791221,-4.89005760045857,-0.0265756459179803,-0.100172300813109,-0.0657422846117332,47.5890325437149,-0.615561714734134,-0.336620362185765,130.407840852119,0.613287677017879,-1.25832208621175,-0.0867298134901307,0.00588299058101855,0.000451819188219004,4.29746075974452,0.00122508668559494,-0.00256003140411606,-4.92941762536802e-06,0.00105679175682433,-0.00238467434006775,-1.61036430675177e-05,0.00226852987621147,-7.56327396530909e-05,13.2285323087096
-1.39768601612428,0.00252513387960673,0.0339553062401572,0.00136457473769232,0.0813520144106562,-0.000370043635586951,0.00216855969091462,0.143064743891402,-0.00189212073014251,-0.570731719729751,0.00442511252442807,0.0566469958028267,-0.00233990803803623,-1.39785220625252,0.0206939841825323,-0.0813671267420495,0.00134077590546797,0.000870460250871853,-0.143097921629048,0.00212337440719582,0.00411879625410832,-0.00437075357699686,-0.570782036747549,0.0431318395865928,2.82736097925091,-5.6860487993739,-0.0124209697500859,-0.231055624599182,-0.126748424794347,47.5899626169363,-0.852942847860165,-0.445921784834931,130.383002401868,0.722446895381667,-1.47473477803068,-0.040055014152583,0.001446472567059,-0.00276585180748638,4.29723257114451,0.00112767536998781,-0.00257859064974585,-3.53571596266842e-06,0.000712012718942348,-0.0020372348631517,-9.61030313903916e-06,0.00154100785766136,-0.000718585498141227,13.2279863579916
-1.39828397506725,-0.00121503767774872,0.0487771447853755,0.00239064226462751,0.0813140192010536,-7.56236147648403e-05,0.00398673529381544,0.142987548623957,-0.00100850983966207,-0.570896504518937,0.00212515466774256,0.0908391512010674,0.00125167182388619,-1.39834456131628,0.0236895384001553,-0.081335184334232,0.00236490888589942,0.000237394332697296,-0.143015076744937,0.00395436620293782,0.00218633699196603,-0.00210321264867101,-0.570925307028693,0.0448484195353126,2.85457937213365,-5.64952982931984,-0.00728354841942873,-0.343938731903835,-0.17944044612961,47.5902486077959,-1.04364377041748,-0.533538885950673,130.358172978639,0.736333586117905,-1.4716879622761,-0.0228665246101235,-0.0033169279542764,-0.00544727464702502,4.29708804683707,0.00101493752429955,-0.0024654583107996,-3.08385301690869e-06,0.000349400536533469,-0.00146244129718805,-6.84482750992053e-06,0.000571528129323845,-0.00114696745089404,13.2276382034136
-1.39888192388983,-0.00437080953330167,0.0600881326731398,0.00305044093317689,0.0812813086717186,0.000213194410678721,0.0051687152471203,0.1429189322791,-9.19413796213836e-05,-0.571057066994296,8.52481926419276e-05,0.117697115693747,0.00423702388053364,-1.39881367697158,0.0271727713889551,-0.0813018889308281,0.00302852061031166,-0.000335410881337999,-0.142929632573687,0.0051603863581059,0.000351002606964042,-0.000101595971733823,-0.57105609898762,0.0492044776486266,2.51124103663179,-4.87957781140188,-0.00913867106409578,-0.426455277805571,-0.218466715298069,47.5902679126035,-1.16935109470067,-0.591663113596295,130.334325695452,0.652211581775987,-1.27377613014887,-0.0284319925459201,-0.00799692508050906,-0.00730236599352868,4.29707295141349,0.000900597381334021,-0.0022290659753005,-3.20050007394758e-06,-5.9845814530337e-06,-0.000690192473070028,-6.8308053619921e-06,-0.000579541416297596,-0.00136667613197354,13.2275862745229
-1.39949243109336,-0.00683238313798982,0.0676103009697073,0.00338089577562514,0.0812623433062336,0.000448853321201814,0.00577993241951929,0.142873672943329,0.000701656012481577,-0.571220517486227,-0.00163011527088592,0.135860114871961,0.00655596591559527,-1.39931520384708,0.0310679472170981,-0.0812775221332217,0.00336629081992033,-0.000775251419999765,-0.142861988676711,0.00580083859026303,-0.00114024371931966,0.00158022452901395,-0.57119136398782,0.0564280373046703,1.90382870612034,-3.66056174714016,-0.0113280720285757,-0.476884274808625,-0.242415248288396,47.5909047330039,-1.23137375965075,-0.61989015180431,130.314213773627,0.496948974037094,-0.956414690660593,-0.0352362741085945,-0.0122274318418958,-0.0084807614049359,4.29720560763347,0.000776270489865105,-0.0018928508305193,-3.16382049874647e-06,-0.000367071687975354,0.000225658448814108,-6.96459319430548e-06,-0.00180068623607781,-0.00150848232547886,13.2278666854776
-1.40012482315476,-0.00855391889897583,0.0715878911471834,0.00342707719884591,0.0812594237234268,0.000614642045907143,0.00589967695302014,0.142856071267408,0.0013032501734395,-0.571391499604528,-0.00298267047571894,0.145807308247171,0.00818248491496764,-1.39987379056348,0.0343150024972775,-0.0812668288433056,0.00342163015495098,-0.00107847711979911,-0.142821412003703,0.00595021308417601,-0.00224180065723939,0.00290730871597046,-0.571340212151494,0.0635348216731822,1.17399260812782,-2.28101568500758,-0.0108205295024308,-0.498790651214917,-0.252287455841103,47.5928732367865,-1.24023474984731,-0.62207333870426,130.300178912747,0.30775187110659,-0.59649378481997,-0.0333713720120402,-0.0157523635076341,-0.00922705038942678,4.29747912899546,0.000630280035307904,-0.00148549064790297,-2.75192056773592e-06,-0.000751294781111816,0.00122522663402158,-6.08808974917537e-06,-0.00298082843589726,-0.00168822694223903,13.2284576879066
-1.4007877785512,-0.0095325168708997,0.0721721279776033,0.00324036608839393,0.0812707852334816,0.000715889027080348,0.00561792711978743,0.142863348594414,0.00170946378253098,-0.571573206936073,-0.00395332926725887,0.148341693932928,0.00911741901179632,-1.40049809967355,0.0356881573285296,-0.0812699750049122,0.00324462465491003,-0.0012723195101616,-0.142808386268559,0.00569457422335277,-0.00300404750968367,0.00386120417195444,-0.571507047557285,0.0670818057746502,0.445800062946494,-0.94757245880136,-0.00835973377608599,-0.497108561772768,-0.250190531977501,47.5966058612381,-1.20827808379636,-0.603745808641977,130.293659840767,0.117722355160484,-0.248868028759595,-0.0249373373176616,-0.0184169441675123,-0.00966106413232648,4.29786778773711,0.000460130237359471,-0.00103514479617014,-2.11058338299008e-06,-0.00115970758416731,0.00225277283013482,-4.40037794259025e-06,-0.00403911698227673,-0.00194124807662614,13.2293010606368
-1.40149070806527,-0.00978743698069975,0.0690756531470182,0.00287711450271133,0.0812927296011724,0.000763666473926664,0.00503304231094918,0.142889036889931,0.00193791407955193,-0.571768200939567,-0.0045354703293044,0.143478891736298,0.00937972639619205,-1.4011949696315,0.0343688010432124,-0.0812846255045084,0.00289007919101629,-0.0013822398297245,-0.142818842672346,0.00512834137360282,-0.00347985534425536,0.00443642992122976,-0.571694726594499,0.065036180382814,-0.199875961496535,0.228192066252471,-0.00540652700929319,-0.476169631186693,-0.238338538020421,47.6024145080168,-1.14607558934003,-0.570269336065254,130.295597684783,-0.0514656025601425,0.0573824623003235,-0.0143463070277408,-0.0201105940909168,-0.00973066461333875,4.29832840621399,0.00027530181102082,-0.000568300140998586,-1.38728213830863e-06,-0.0015734639403127,0.00325859880370866,-2.34546271646548e-06,-0.00492616475587336,-0.0022291000283746,13.2303097916013
-1.40224419134879,-0.00934844606412697,0.0616946508678763,0.00239750779096936,0.0813213197053384,0.000760305163879222,0.00424951953668848,0.14292585123245,0.00198656442025015,-0.571978505528507,-0.0047307093586527,0.130403397180615,0.00899441106574564,-1.40197370861341,0.0302244128679862,-0.081308068888282,0.00241623939202816,-0.00140932053883025,-0.14284815247607,0.00435208256841168,-0.00365924924580927,0.00463569931596609,-0.571905730035309,0.057509435030531,-0.722180217272378,1.20026568305399,-0.00258539686954622,-0.439512297003755,-0.218741013108523,47.610624014934,-1.06214440610491,-0.526296835614776,130.306830806346,-0.189030806747508,0.311147715482835,-0.00349311648747966,-0.0207018992917769,-0.00928821389108935,4.29880238189668,9.30275695789115e-05,-0.000111900355826534,-6.11814861561902e-07,-0.001962180036077,0.00419539398128834,-1.0620457396757e-07,-0.0056069397460948,-0.00248422560226752,13.2313725365911
-1.40306037211594,-0.00824943575432701,0.0496566453815616,0.00186452563191508,0.0813535502880639,0.000693776395171182,0.00337554432313625,0.142968042019937,0.00181831027969657,-0.572205480022301,-0.00454632592983149,0.108455699863292,0.00797860154647144,-1.40284189754106,0.0238741906832514,-0.0813385615568236,0.00188438449002012,-0.0013216593115503,-0.142893469971251,0.00347146229418323,-0.00344584839352097,0.00446489088452206,-0.572141538019858,0.0466141025710736,-1.09986467242324,1.94217644838589,-2.31204444297263e-05,-0.390988892167215,-0.193586834842998,47.6215858828153,-0.964923752661127,-0.47645684591487,130.328165638121,-0.289679451912318,0.506928806746973,0.00701050966666945,-0.0200205074338111,-0.00822002480946535,4.29922709963678,-6.89287358309995e-05,0.000304418535794519,1.98333075181573e-07,-0.00229674504553355,0.00501466529707131,2.19315269293732e-06,-0.00604617002833156,-0.00265926615845298,13.2323739566878
-1.40394938099892,-0.00651492859443946,0.0335751244966765,0.00134358088638893,0.0813878306284824,0.000543629022060746,0.00252131128339749,0.143012865079348,0.00137903920259673,-0.572449116339946,-0.00399195402150669,0.0786277905024225,0.00632607982383239,-1.40379467574919,0.0165913364196928,-0.0813752826744722,0.00135953080557706,-0.0010664541843103,-0.142953528106577,0.00259755366519975,-0.00269477573958809,0.00392852300348265,-0.572400403722159,0.03569561974391,-1.31069756500986,2.40678384662578,0.00182014879438489,-0.336388527900003,-0.165932843477394,47.6356320262334,-0.86550635851877,-0.426502611988043,130.360277106753,-0.347943879360148,0.633782214874051,0.0150981145628972,-0.0179223900674781,-0.00656737491292649,4.29955772166452,-0.000199269039423575,0.000649159629884277,9.00401086389036e-07,-0.00256090911893237,0.00566848529053096,4.12768377160182e-06,-0.00621165078712208,-0.00275965465621907,13.2332321160115
-1.40490013724708,-0.00411973122613103,0.0157143197723436,0.000904702867433991,0.0814229641590615,0.000300949013241862,0.00180094227630952,0.143059650707516,0.000655421753427193,-0.572704425499236,-0.00307186670247392,0.0449351677373156,0.00398211591048412,-1.40479739050536,0.0100125463610794,-0.0814164268732746,0.000913226188415712,-0.000611833212385907,-0.143025303109485,0.00184971051323078,-0.00133590630661137,0.00302470759825437,-0.572673338189728,0.0280297314249627,-1.32504595222048,2.51481115396031,0.00195662975087472,-0.284346998968039,-0.140079605409097,47.6531021866352,-0.778979448408311,-0.383848677524099,130.403820783081,-0.35618647380194,0.671583979673674,0.0169252047458318,-0.0144359395485818,-0.00459290930571513,4.29978960942061,-0.000297710402413084,0.000894560160818186,1.2529536486124e-06,-0.0027579785969366,0.00611897036860966,5.07421354661576e-06,-0.0060973473424115,-0.00284864484435498,13.2339355484036
-1.40582900714064,-0.000893414138392852,0.000160356953425487,0.000631431516665294,0.0814538148114342,7.05856814810853e-06,0.00134366206612693,0.143103462797412,-0.000216897009428316,-0.572950682594898,-0.00176775685667275,0.0149618709230494,0.000776152351671217,-1.40575318910093,0.00549606215832591,-0.081454553392589,0.000631865125835529,-3.03185421805144e-05,-0.143096352004652,0.00136539690038621,0.000389761483910729,0.00173358302462902,-0.57293585125511,0.0248003603955176,-1.12502945261027,2.19747500860893,-0.000108637593765988,-0.244736853229172,-0.120748856499339,47.6745624864146,-0.721442502777274,-0.356071187043471,130.460062078646,-0.309364143226525,0.60141037844702,0.0108235588038501,-0.0099502126910436,-0.00275837136825934,4.29996394581342,-0.000375203819810635,0.00102677231687201,1.22760889912834e-06,-0.00290977358196641,0.00635459823849726,5.10029221793086e-06,-0.00575655707251933,-0.00302012259696487,13.2345528084996
-1.40648341351995,0.0036772912589848,-0.00813303795377475,0.000645266436319104,0.081460744194388,-0.000180491507867444,0.00132522270549709,0.14311895630957,-0.000776213847754195,-0.573128134751286,-3.20430185857625e-06,-0.00132124129265896,-0.00377260167370821,-1.40642306012924,0.00272908824226541,-0.0814663641783683,0.000640265203981731,0.000359328996937085,-0.143128621739011,0.00132934284793485,0.00154593084643413,-1.7494834600481e-05,-0.573125874652843,0.0216806505194941,-0.760786250210587,1.52175818816767,-0.00326090431783387,-0.221982138657091,-0.109797512800872,47.7010389518562,-0.698784664731133,-0.345456677765498,130.53144756595,-0.219641011087384,0.437955254191035,0.001151659002399,-0.00537722418308331,-0.00158089882689392,4.30014307333563,-0.000447063559900546,0.00105821380805694,1.29347728475251e-06,-0.00304383415251868,0.00640879884220006,5.65127807651618e-06,-0.00532656132309856,-0.00333499205948051,13.2351923438385
-1.40629430613456,0.010867563657583,-0.00648642679249077,0.00116614550953088,0.0813882705792813,0.000121392056318394,0.00204407517680275,0.14302824453149,4.5218391277119e-05,-0.573094605563222,0.0024353008996824,0.00432547012942161,-0.0109442147786004,-1.40624014743487,-0.00334235064500227,-0.0813902458053973,0.00116369486078586,-0.000233950448405696,-0.143024064874272,0.00205017315169337,-7.97283147270651e-05,-0.00244512196007841,-0.573089879450852,0.00228046240654018,-0.459062845845856,0.931351334100393,-0.00727144319276639,-0.19970022690092,-0.0988049275280501,47.7335622733261,-0.681954844551417,-0.337186596578899,130.620113625805,-0.144974591307714,0.293537577136715,-0.010503521699317,-0.00219186997322522,-0.00131372543892231,4.30036701426668,-0.000513403566207568,0.00103651461972511,1.69560936386463e-06,-0.00316063148720634,0.00637136923661272,7.28614537697174e-06,-0.00501735204985317,-0.00370871746260474,13.2359253506238
